MP identifier,Coordinates [pixels],Coordinates [µm],,,Polymer group,Number of pixels [-],Area on map [µm²],Major dimension [µm],Minor dimension [µm],Volume [µm³],Mass [ng],Sampling_Site,Sample_replicate,Sampling_Period
MP_1,[1201,1340],[6606,7370],pet,11,332.8,25.3,16.7,2226.188,3.07214,Janiskoski (S1),1,July2021
MP_2,[1387,87],[7629,479],pet,8,242,22.9,13.5,1302.888,1.79799,Janiskoski (S1),1,July2021
MP_3,[1580,504],[8690,2772],pet,6,181.5,22.9,10.1,732.875,1.01137,Janiskoski (S1),1,July2021
MP_4,[488,1027],[2684,5649],pe,218,6594.5,154.9,54.2,142939.672,135.79269,Janiskoski (S1),1,July2021
MP_5,[1030,2240],[5665,12320],pe,65,1966.3,83.2,30.1,23672.49,22.48887,Janiskoski (S1),1,July2021
MP_6,[1183,1668],[6507,9174],pe,876,26499,231.7,145.6,1543691.125,1466.5065,Janiskoski (S1),1,July2021
MP_7,[1482,1072],[8151,5896],pe,243,7350.8,150.8,62,182438.094,173.31619,Janiskoski (S1),1,July2021
MP_18,[1214,836],[6677,4598],abs,198,5989.5,139.2,54.8,131215.234,140.40031,Kallokoski (S2),1,July2021
MP_16,[958,1612],[5269,8866],pe,41,1240.3,52.4,30.1,14944.507,14.19728,Kallokoski (S2),1,July2021
MP_13,[260,878],[1430,4829],pe,160,4840,101.8,60.6,117249.445,111.38697,Kallokoski (S2),1,July2021
MP_15,[789,1702],[4340,9361],pe,114,3448.5,104.8,41.9,57789.535,54.90006,Kallokoski (S2),1,July2021
MP_14,[477,1563],[2624,8597],pe,125,3781.3,116.3,41.4,62625.473,59.4942,Kallokoski (S2),1,July2021
MP_3,[2009,1505],[11050,8278],pe,83,2510.8,87.3,36.6,36791.293,34.95173,Kallokoski (S2),1,July2021
MP_7,[334,1708],[1837,9394],pe,55,1663.8,58.7,36.1,24027.406,22.82604,Kallokoski (S2),1,July2021
MP_8,[778,483],[4279,2657],pe,32,968,50.3,24.5,9478.424,9.0045,Kallokoski (S2),1,July2021
MP_9,[1700,467],[9350,2569],pe,18,544.5,40.7,17,3708.413,3.52299,Kallokoski (S2),1,July2021
MP_10,[1670,258],[9185,1419],pe,50,1512.5,56.2,34.3,20728.443,19.69202,Kallokoski (S2),1,July2021
MP_3,[427,1117],[2349,6144],pet,16,484,30.1,20.5,3964.07,5.47042,Kallokoski (S2),1,July2021
MP_9,[1036,1494],[5698,8217],pet,21,635.3,33.5,24.1,6126.843,8.45504,Kallokoski (S2),1,July2021
MP_2,[260,1502],[1430,8261],pet,18,544.5,37.6,18.5,4019.037,5.54627,Kallokoski (S2),1,July2021
MP_11,[1344,1123],[7392,6177],pet,33,998.3,43.8,29,11592.896,15.9982,Kallokoski (S2),1,July2021
MP_8,[805,1221],[4428,6716],pet,28,847,55.8,19.3,6553.071,9.04324,Kallokoski (S2),1,July2021
MP_1,[255,1311],[1403,7211],pet,45,1361.3,65.9,26.3,14328.332,19.7731,Kallokoski (S2),1,July2021
MP_4,[537,655],[2954,3603],pet,39,1179.8,65.9,22.8,10762.168,14.85179,Kallokoski (S2),1,July2021
MP_12,[1473,1476],[8102,8118],pet,128,3872,102.6,48.1,74430.461,102.71404,Kallokoski (S2),1,July2021
MP_7,[789,1807],[4340,9939],pet,90,2722.5,122.6,28.3,30802.402,42.50732,Kallokoski (S2),1,July2021
MP_5,[581,1203],[3196,6617],pet,185,5596.3,131.4,54.2,121350.414,167.46358,Kallokoski (S2),1,July2021
MP_10,[1106,498],[6083,2739],pet,198,5989.5,138.3,55.1,132108.516,182.30975,Kallokoski (S2),1,July2021
MP_6,[706,335],[3883,1843],pet,330,9982.5,144.1,88.2,352089.094,485.88294,Kallokoski (S2),1,July2021
MP_1,[1125,1695],[6188,9323],pet,20,605,39,19.8,4785.37,6.60381,Kallokoski (S2),1,July2021
MP_2,[1548,1212],[8514,6666],pet,15,453.8,33.5,17.2,3125.94,4.3138,Kallokoski (S2),1,July2021
MP_1,[287,1546],[1579,8503],pet,7,211.8,21.1,12.8,1084.511,1.49663,Kallokoski (S2),1,July2021
MP_2,[314,1104],[1727,6072],pet,8,242,22.9,13.5,1302.888,1.79799,Kallokoski (S2),1,July2021
MP_3,[672,1994],[3696,10967],pet,14,423.5,36.6,14.7,2494.854,3.4429,Kallokoski (S2),1,July2021
MP_4,[1719,939],[9455,5165],pet,28,847,46.8,23,7805.671,10.77183,Kallokoski (S2),1,July2021
MP_5,[1916,1336],[10538,7348],pet,6,181.5,17.8,13,942.634,1.30083,Kallokoski (S2),1,July2021
MP_6,[2054,716],[11297,3938],pet,5,151.3,17.8,10.8,654.607,0.90336,Kallokoski (S2),1,July2021
MP_31,[949,548],[5220,3014],pmma,103,3115.8,83.1,47.7,59506.527,70.2177,Kallokoski (S2),1,July2021
MP_13,[1598,1732],[8789,9526],pmma,60,1815,66.1,34.9,25372.273,29.93928,Kallokoski (S2),1,July2021
MP_26,[288,1610],[1584,8855],pmma,30,907.5,44.4,26,9448.649,11.14941,Kallokoski (S2),1,July2021
MP_27,[2036,548],[11198,3014],pmma,338,10224.5,176.4,73.8,301827.875,356.15688,Kallokoski (S2),1,July2021
MP_27,[1661,789],[9136,4340],pp,5,151.3,17.8,10.8,654.607,0.62188,Kallokoski (S2),1,July2021
MP_21,[1914,864],[10527,4752],pp,12,363,28.8,16,2327.398,2.21103,Kallokoski (S2),1,July2021
MP_22,[692,1274],[3806,7007],pp,39,1179.8,49.1,30.6,14422.214,13.7011,Kallokoski (S2),1,July2021
MP_29,[1571,375],[8641,2063],pp,40,1210,55.8,27.6,13373.616,12.70494,Kallokoski (S2),1,July2021
MP_19,[371,1025],[2041,5638],pp,58,1754.5,61.9,36.1,25344.506,24.07728,Kallokoski (S2),1,July2021
MP_30,[1902,815],[10461,4483],pp,86,2601.5,75.7,43.7,45521.137,43.24508,Kallokoski (S2),1,July2021
MP_23,[840,1435],[4620,7893],pp,83,2510.8,90.5,35.3,35467.172,33.69381,Kallokoski (S2),1,July2021
MP_20,[1612,359],[8866,1975],pp,61,1845.3,93.2,25.2,18601.881,17.67179,Kallokoski (S2),1,July2021
MP_28,[1790,400],[9845,2200],pp,109,3297.3,95.1,44.1,58196.992,55.28714,Kallokoski (S2),1,July2021
MP_24,[1497,1217],[8234,6694],pp,154,4658.5,132.3,44.8,83564.016,79.38581,Kallokoski (S2),1,July2021
MP_25,[1629,602],[8960,3311],pp,607,18361.8,358.3,33.2,531014.344,504.46363,Kallokoski (S2),1,July2021
MP_4,[97,784],[534,4312],pp,274,8288.5,131.3,80.4,266472.781,253.14914,Kallokoski (S2),1,July2021
MP_5,[1152,972],[6336,5346],pp,26,786.5,45,22.3,7006.253,6.65594,Kallokoski (S2),1,July2021
MP_6,[1242,1069],[6831,5880],pp,157,4749.3,117.5,51.4,97731.93,92.84534,Kallokoski (S2),1,July2021
MP_7,[1246,1055],[6853,5803],pp,55,1663.8,90.3,23.5,15619.198,14.83824,Kallokoski (S2),1,July2021
MP_8,[1658,137],[9119,754],pp,11,332.8,30.1,14.1,1873.642,1.77996,Kallokoski (S2),1,July2021
MP_9,[342,1535],[1881,8443],pp,5,151.3,22.9,8.4,508.941,0.48349,Kallokoski (S2),1,July2021
MP_10,[748,1748],[4114,9614],pp,49,1482.3,70,27,15992.121,15.19251,Kallokoski (S2),1,July2021
MP_11,[1764,939],[9702,5165],pp,265,8016.3,195.3,52.3,167573.469,159.1948,Kallokoski (S2),1,July2021
MP_12,[1225,831],[6738,4571],pp,44,1331,56.2,30.2,16052.107,15.2495,Kallokoski (S2),1,July2021
MP_13,[206,1004],[1133,5522],pp,22,665.5,50.9,16.7,4435.471,4.2137,Kallokoski (S2),1,July2021
MP_14,[280,1728],[1540,9504],pp,19,574.8,35.1,20.8,4790.638,4.55111,Kallokoski (S2),1,July2021
MP_15,[485,743],[2668,4087],pp,339,10254.8,155.2,84.1,345169.563,327.91109,Kallokoski (S2),1,July2021
MP_16,[478,427],[2629,2349],pp,230,6957.5,165.2,53.6,149243.078,141.78092,Kallokoski (S2),1,July2021
MP_17,[651,1486],[3581,8173],pp,22,665.5,52.5,16.1,4297.075,4.08222,Kallokoski (S2),1,July2021
MP_18,[1056,403],[5808,2217],pp,50,1512.5,83,23.2,14039.144,13.33719,Kallokoski (S2),1,July2021
MP_19,[178,1597],[979,8784],pp,6,181.5,21.1,11,796.783,0.75694,Kallokoski (S2),1,July2021
MP_20,[748,811],[4114,4461],pp,18,544.5,56.2,12.3,2686.406,2.55209,Kallokoski (S2),1,July2021
MP_21,[1145,1843],[6298,10137],pp,270,8167.5,163,63.8,208456.297,198.03348,Kallokoski (S2),1,July2021
MP_22,[1293,924],[7112,5082],pp,157,4749.3,108.3,55.8,106074.492,100.77077,Kallokoski (S2),1,July2021
MP_23,[1998,971],[10989,5341],pp,122,3690.5,119.8,39.2,57899.301,55.00434,Kallokoski (S2),1,July2021
MP_24,[1798,851],[9889,4681],pp,13,393.3,33,15.2,2386.677,2.26734,Kallokoski (S2),1,July2021
MP_25,[1864,554],[10252,3047],pp,117,3539.3,83.5,53.9,76365.328,72.54706,Kallokoski (S2),1,July2021
MP_17,[597,1551],[3284,8531],ps,60,1815,62.5,37,26833.531,27.90687,Kallokoski (S2),1,July2021
MP_11,[376,1571],[2068,8641],ps,27,816.8,61.2,17,5552.984,5.7751,Kallokoski (S2),1,July2021
MP_12,[1865,1447],[10258,7959],ps,17,514.3,36.6,17.9,3678.637,3.82578,Kallokoski (S2),1,July2021
MP_1,[404,1199],[2222,6595],pe,249,7532.3,159.1,60.3,181587.219,172.50786,Kirakkakoski (S3),1,July2021
MP_2,[524,1516],[2882,8338],pe,77,2329.3,69,43,40020.664,38.01963,Kirakkakoski (S3),1,July2021
MP_3,[565,211],[3108,1161],pe,741,22415.3,252,113.2,1015323.375,964.55719,Kirakkakoski (S3),1,July2021
MP_4,[892,1552],[4906,8536],pe,280,8470,155,69.6,235702.859,223.91772,Kirakkakoski (S3),1,July2021
MP_5,[1193,438],[6562,2409],pe,500,15125,244.7,78.7,476227.688,452.41631,Kirakkakoski (S3),1,July2021
MP_6,[1595,458],[8773,2519],pe,90,2722.5,74.3,46.7,50805.785,48.2655,Kirakkakoski (S3),1,July2021
MP_7,[2112,1611],[11616,8861],ps,51,1542.8,72.6,27,16689.57,17.35715,Kirakkakoski (S3),1,July2021
MP_8,[1983,1457],[10907,8014],pp,310,9377.5,170.9,69.8,261986.703,248.88736,Kirakkakoski (S3),1,July2021
MP_9,[565,1039],[3108,5715],pp,97,2934.3,86.4,43.2,50745.203,48.20794,Kirakkakoski (S3),1,July2021
MP_10,[1513,723],[8322,3977],pp,239,7229.8,134.5,68.5,197951,188.05345,Kirakkakoski (S3),1,July2021
MP_11,[2083,1564],[11457,8602],pp,15,453.8,33,17.5,3177.528,3.01865,Kirakkakoski (S3),1,July2021
MP_1,[380,1849],[2090,10170],pet,45,1361.3,52.8,32.8,17869.27,24.65959,Nilijoki (S4),1,July2021
MP_2,[1323,1974],[7277,10857],pet,125,3781.3,153.3,31.4,47507.25,65.56001,Nilijoki (S4),1,July2021
MP_3,[1831,1746],[10071,9603],pet,36,1089,79.6,17.4,7588.354,10.47193,Nilijoki (S4),1,July2021
MP_4,[1842,1084],[10131,5962],pet,78,2359.5,90.4,33.2,31353.965,43.26847,Nilijoki (S4),1,July2021
MP_5,[2144,830],[11792,4565],pet,9,272.3,22.9,15.1,1648.968,2.27558,Nilijoki (S4),1,July2021
MP_6,[1968,1004],[10824,5522],ps,35,1058.8,47.9,28.1,11913.133,12.38966,Nilijoki (S4),1,July2021
MP_7,[1332,966],[7326,5313],abs,115,3478.8,97.9,45.2,62950.805,67.35737,Nilijoki (S4),1,July2021
MP_8,[23,1109],[127,6100],pp,20,605,40.3,19.1,4627.399,4.39603,Nilijoki (S4),1,July2021
MP_9,[1366,797],[7513,4384],pp,423,12795.8,271.9,59.9,306669.375,291.33591,Nilijoki (S4),1,July2021
MP_10,[1624,1533],[8932,8432],pp,465,14066.3,231,77.5,436169,414.36053,Nilijoki (S4),1,July2021
MP_11,[1833,1715],[10082,9433],pp,12,363,28.2,16.4,2381.702,2.26262,Nilijoki (S4),1,July2021
MP_12,[1993,1358],[10962,7469],pp,62,1875.5,60.6,39.4,29543.74,28.06655,Nilijoki (S4),1,July2021
MP_13,[929,1855],[5110,10203],pp,2316,70059,478.7,186.3,5221538.5,4960.4615,Nilijoki (S4),1,July2021
MP_14,[1526,89],[8393,490],pp,63,1905.8,79.6,30.5,23239.338,22.07737,Nilijoki (S4),1,July2021
MP_15,[1643,369],[9037,2030],pp,28,847,52.9,20.4,6903.335,6.55817,Nilijoki (S4),1,July2021
MP_1,[659,1117],[3625,6144],pet,305,9226.3,284.8,41.3,152235.672,210.08522,Nitsijärvi  (S9),1,July2021
MP_2,[724,294],[3982,1617],pet,152,4598,271.4,21.6,39676.719,54.75387,Nitsijärvi  (S9),1,July2021
MP_3,[1300,466],[7150,2563],pet,127,3841.8,129.5,37.8,58032.078,80.08427,Nitsijärvi  (S9),1,July2021
MP_4,[1310,1651],[7205,9081],pet,26,786.5,41.6,24.1,7581.101,10.46192,Nitsijärvi  (S9),1,July2021
MP_5,[1467,258],[8069,1419],pet,146,4416.5,127,44.3,78247.68,107.9818,Nitsijärvi  (S9),1,July2021
MP_6,[2053,622],[11292,3421],pet,5,151.3,21.1,9.1,553.322,0.76358,Nitsijärvi  (S9),1,July2021
MP_7,[560,427],[3080,2349],pe,60,1815,67.6,34.2,24818.289,23.57738,Nitsijärvi  (S9),1,July2021
MP_8,[719,251],[3955,1381],pe,215,6503.8,158.1,52.4,136301.047,129.48599,Nitsijärvi  (S9),1,July2021
MP_9,[1694,291],[9317,1601],pe,279,8439.8,139.2,77.2,260623.875,247.59267,Nitsijärvi  (S9),1,July2021
MP_10,[1050,880],[5775,4840],ps,1621,49035.3,346.4,180.2,3534825.25,3676.21825,Nitsijärvi  (S9),1,July2021
MP_11,[831,727],[4571,3999],ps,77,2329.3,67.6,43.9,40874.34,42.50931,Nitsijärvi  (S9),1,July2021
MP_12,[2204,1363],[12122,7497],abs,205,6201.3,207.2,38.1,94524.719,101.14145,Nitsijärvi  (S9),1,July2021
MP_13,[366,658],[2013,3619],pp,44,1331,55.8,30.4,16182.074,15.37297,Nitsijärvi  (S9),1,July2021
MP_14,[682,828],[3751,4554],pp,29,877.3,44.2,25.3,8868.281,8.42487,Nitsijärvi  (S9),1,July2021
MP_15,[814,2098],[4477,11539],pp,5,151.3,17.8,10.8,654.607,0.62188,Nitsijärvi  (S9),1,July2021
MP_16,[1095,613],[6023,3372],pp,41,1240.3,50.9,31.1,15405.013,14.63476,Nitsijärvi  (S9),1,July2021
MP_17,[259,801],[1425,4406],pp,185,5596.3,105,67.9,151968.203,144.3698,Nitsijärvi  (S9),1,July2021
MP_18,[343,639],[1887,3515],pp,129,3902.3,85.7,58,90496.531,85.9717,Nitsijärvi  (S9),1,July2021
MP_19,[655,1084],[3603,5962],pp,162,4900.5,102.8,60.7,118975.336,113.02657,Nitsijärvi  (S9),1,July2021
MP_20,[918,787],[5049,4329],pp,9,272.3,28.2,12.3,1339.707,1.27272,Nitsijärvi  (S9),1,July2021
MP_21,[936,423],[5148,2327],pp,150,4537.5,100.5,57.5,104287.32,99.07295,Nitsijärvi  (S9),1,July2021
MP_22,[1265,204],[6958,1122],pp,17,514.3,33,19.8,4081.359,3.87729,Nitsijärvi  (S9),1,July2021
MP_23,[1322,1628],[7271,8954],pp,93,2813.3,72.4,49.5,55665.477,52.8822,Nitsijärvi  (S9),1,July2021
MP_24,[1559,466],[8575,2563],pp,304,9196,155,75.6,277931.469,264.03491,Nitsijärvi  (S9),1,July2021
MP_25,[2075,1553],[11413,8542],pp,10,302.5,25.3,15.2,1839.825,1.74783,Nitsijärvi  (S9),1,July2021
MP_26,[271,816],[1491,4488],pp,10,302.5,25.3,15.2,1839.825,1.74783,Nitsijärvi  (S9),1,July2021
MP_27,[340,445],[1870,2448],pp,29,877.3,41.6,26.9,9431.518,8.95994,Nitsijärvi  (S9),1,July2021
MP_28,[571,1099],[3141,6045],pp,13,393.3,28.2,17.8,2795.192,2.65543,Nitsijärvi  (S9),1,July2021
MP_29,[733,1492],[4032,8206],pp,68,2057,106.2,24.7,20285.91,19.27162,Nitsijärvi  (S9),1,July2021
MP_30,[887,164],[4879,902],pp,32,968,46.5,26.5,10270.87,9.75733,Nitsijärvi  (S9),1,July2021
MP_31,[1367,2008],[7519,11044],pp,27,816.8,37.1,28,9159.555,8.70158,Nitsijärvi  (S9),1,July2021
MP_32,[1385,217],[7618,1194],pp,29,877.3,43.4,25.7,9032.276,8.58066,Nitsijärvi  (S9),1,July2021
MP_33,[1956,1837],[10758,10104],pp,15,453.8,33.5,17.2,3125.94,2.96964,Nitsijärvi  (S9),1,July2021
MP_34,[643,1442],[3537,7931],pp,55,1663.8,53.8,39.4,26226.625,24.91529,Nitsijärvi  (S9),1,July2021
MP_35,[813,1954],[4472,10747],pp,59,1784.8,55.5,41,29256.305,27.79349,Nitsijärvi  (S9),1,July2021
MP_36,[1173,450],[6452,2475],pp,41,1240.3,44.4,35.6,17647.979,16.76558,Nitsijärvi  (S9),1,July2021
MP_37,[1593,1482],[8762,8151],pp,44,1331,46.5,36.5,19418.363,18.44745,Nitsijärvi  (S9),1,July2021
MP_1,[293,1218],[1612,6699],pet,17,514.3,33.5,19.5,4015.097,5.54083,Opukasjärvi 1 (S5),1,July2021
MP_2,[958,1797],[5269,9884],pet,31,937.8,50.3,23.7,8895.279,12.27549,Opukasjärvi 1 (S5),1,July2021
MP_3,[857,1653],[4714,9092],pe,1517,45889.3,502,116.4,2136523.5,2029.69725,Opukasjärvi 1 (S5),1,July2021
MP_4,[804,1819],[4422,10005],ps,34,1028.5,50.3,26,10700.253,11.12826,Opukasjärvi 1 (S5),1,July2021
MP_5,[283,1160],[1557,6380],pp,104,3146,88.9,45.1,56694.543,53.85982,Opukasjärvi 1 (S5),1,July2021
MP_6,[363,1430],[1997,7865],pp,57,1724.3,64.9,33.8,23343.475,22.1763,Opukasjärvi 1 (S5),1,July2021
MP_7,[534,1108],[2937,6094],pp,487,14731.8,210.4,89.2,525383.188,499.11403,Opukasjärvi 1 (S5),1,July2021
MP_8,[655,663],[3603,3647],pp,63,1905.8,61.3,39.6,30168.207,28.6598,Opukasjärvi 1 (S5),1,July2021
MP_9,[808,2097],[4444,11534],pp,142,4295.5,98.3,55.6,95604.203,90.82399,Opukasjärvi 1 (S5),1,July2021
MP_10,[879,1626],[4835,8943],pp,52,1573,63.8,31.4,19742.758,18.75562,Opukasjärvi 1 (S5),1,July2021
MP_11,[1332,2117],[7326,11644],pp,74,2238.5,71.8,39.7,35522.316,33.7462,Opukasjärvi 1 (S5),1,July2021
MP_12,[1381,2110],[7596,11605],pp,68,2057,67.6,38.7,31877.711,30.28382,Opukasjärvi 1 (S5),1,July2021
MP_13,[1474,1226],[8107,6743],pp,200,6050,115.3,66.8,161664.125,153.58092,Opukasjärvi 1 (S5),1,July2021
MP_14,[1701,1893],[9356,10412],pp,28,847,50.3,21.4,7256.919,6.89407,Opukasjärvi 1 (S5),1,July2021
MP_15,[1708,960],[9394,5280],pp,119,3599.8,97.9,46.8,67409.742,64.03925,Opukasjärvi 1 (S5),1,July2021
MP_16,[375,1566],[2063,8613],pp,34,1028.5,45,29.1,11981.108,11.38205,Opukasjärvi 1 (S5),1,July2021
MP_17,[930,1432],[5115,7876],pp,97,2934.3,98.3,38,44585.852,42.35656,Opukasjärvi 1 (S5),1,July2021
MP_18,[1926,488],[10593,2684],pp,10,302.5,25.3,15.2,1839.825,1.74783,Opukasjärvi 1 (S5),1,July2021
MP_19,[2033,1729],[11182,9510],pp,40,1210,49.1,31.4,15180.234,14.42122,Opukasjärvi 1 (S5),1,July2021
MP_20,[2155,674],[11853,3707],pp,31,937.8,47.7,25,9390.813,8.92127,Opukasjärvi 1 (S5),1,July2021
MP_21,[287,1366],[1579,7513],pp,35,1058.8,58.7,23,9730.106,9.2436,Opukasjärvi 1 (S5),1,July2021
MP_22,[1073,849],[5902,4670],pp,27,816.8,38.7,26.9,8772.59,8.33396,Opukasjärvi 1 (S5),1,July2021
MP_23,[1342,1767],[7381,9719],pp,69,2087.3,73,36.4,30406.738,28.8864,Opukasjärvi 1 (S5),1,July2021
MP_24,[1861,1059],[10236,5825],pp,15,453.8,30.1,19.2,3484.046,3.30984,Opukasjärvi 1 (S5),1,July2021
MP_1,[778,1365],[4279,7508],pet,29,877.3,43.8,25.5,8952.823,12.3549,Opukasjärvi 2 (S6),1,July2021
MP_2,[948,1135],[5214,6243],pet,10,302.5,22.9,16.8,2035.763,2.80935,Opukasjärvi 2 (S6),1,July2021
MP_3,[1134,1454],[6237,7997],pe,972,29403,312.6,119.8,1408714.625,1338.27888,Opukasjärvi 2 (S6),1,July2021
MP_4,[1198,436],[6589,2398],pe,525,15881.3,204.8,98.7,627283.063,595.91888,Opukasjärvi 2 (S6),1,July2021
MP_5,[1241,1691],[6826,9301],pe,175,5293.8,128.4,52.5,111121.977,105.56588,Opukasjärvi 2 (S6),1,July2021
MP_6,[1163,1952],[6397,10736],ps,231,6987.8,122.3,72.8,203409,211.54536,Opukasjärvi 2 (S6),1,July2021
MP_7,[2015,1216],[11083,6688],abs,377,11404.3,156.6,92.7,423050.063,452.66359,Opukasjärvi 2 (S6),1,July2021
MP_8,[93,826],[512,4543],pp,14,423.5,44.4,12.1,2057.706,1.95482,Opukasjärvi 2 (S6),1,July2021
MP_9,[705,1037],[3878,5704],pp,188,5687,107,67.7,153926.531,146.2302,Opukasjärvi 2 (S6),1,July2021
MP_10,[1440,141],[7920,776],pp,81,2450.3,115.1,27.1,26568.598,25.24017,Opukasjärvi 2 (S6),1,July2021
MP_11,[1644,875],[9042,4813],pp,43,1300.8,51,32.5,16894.246,16.04953,Opukasjärvi 2 (S6),1,July2021
MP_12,[1801,1320],[9906,7260],pp,23,695.8,35.1,25.2,7020.075,6.66907,Opukasjärvi 2 (S6),1,July2021
MP_13,[88,961],[484,5286],pp,171,5172.8,128.9,51.1,105760.914,100.47287,Opukasjärvi 2 (S6),1,July2021
MP_14,[432,1847],[2376,10159],pp,115,3478.8,105.2,42.1,58610.191,55.67968,Opukasjärvi 2 (S6),1,July2021
MP_15,[603,511],[3317,2811],pp,68,2057,81.4,32.2,26477.473,25.1536,Opukasjärvi 2 (S6),1,July2021
MP_16,[900,61],[4950,336],pp,172,5203,146.2,45.3,94292.977,89.57833,Opukasjärvi 2 (S6),1,July2021
MP_17,[905,37],[4978,204],pp,38,1149.5,74.3,19.7,9057.229,8.60437,Opukasjärvi 2 (S6),1,July2021
MP_18,[1235,853],[6793,4692],pp,186,5626.5,127.9,56,126052.008,119.74941,Opukasjärvi 2 (S6),1,July2021
MP_19,[1253,113],[6892,622],pp,73,2208.3,69.6,40.4,35661.938,33.87884,Opukasjärvi 2 (S6),1,July2021
MP_20,[1613,476],[8872,2618],pp,30,907.5,51.7,22.4,8117.064,7.71121,Opukasjärvi 2 (S6),1,July2021
MP_21,[2005,1064],[11028,5852],pp,31,937.8,56,21.3,7991.8,7.59221,Opukasjärvi 2 (S6),1,July2021
MP_22,[2237,1322],[12304,7271],pp,19,574.8,35.1,20.8,4790.638,4.55111,Opukasjärvi 2 (S6),1,July2021
MP_23,[581,285],[3196,1568],pp,100,3025,74,52.1,63001.02,59.85097,Opukasjärvi 2 (S6),1,July2021
MP_24,[406,976],[2233,5368],pmma,324,9801,183.9,67.9,266020.406,313.90406,Opukasjärvi 2 (S6),1,July2021
MP_1,[528,1340],[2904,7370],pet,280,8470,152.4,70.7,239688.422,330.77003,Inarijärvi (S8),1,July2021
MP_2,[1354,1955],[7447,10753],pet,99,2994.8,102.3,37.3,44668.258,61.6422,Inarijärvi (S8),1,July2021
MP_3,[1443,1018],[7937,5599],pet,52,1573,58.7,34.1,21477.723,29.63926,Inarijärvi (S8),1,July2021
MP_4,[277,1040],[1524,5720],pe,63,1905.8,95.4,25.4,19379.127,18.41017,Inarijärvi (S8),1,July2021
MP_5,[435,1129],[2393,6210],pe,110,3327.5,93.1,45.5,60574.094,57.54539,Inarijärvi (S8),1,July2021
MP_6,[567,286],[3119,1573],pe,397,12009.3,164.6,92.9,446198.688,423.88875,Inarijärvi (S8),1,July2021
MP_7,[1408,478],[7744,2629],pe,58,1754.5,69,32.4,22706.951,21.5716,Inarijärvi (S8),1,July2021
MP_8,[1451,1598],[7981,8789],pe,49,1482.3,55.8,33.8,20068.783,19.06534,Inarijärvi (S8),1,July2021
MP_9,[1540,901],[8470,4956],pe,632,19118,361,67.4,515627.438,489.84606,Inarijärvi (S8),1,July2021
MP_10,[1954,1742],[10747,9581],pe,291,8802.8,156.3,71.7,252503.047,239.87789,Inarijärvi (S8),1,July2021
MP_11,[1460,1804],[8030,9922],abs,61,1845.3,79.9,29.4,21703.289,22.57142,Inarijärvi (S8),1,July2021
MP_12,[538,322],[2959,1771],pp,430,13007.5,230.6,71.8,373693.813,355.00913,Inarijärvi (S8),1,July2021
MP_13,[2139,741],[11765,4076],pp,119,3599.8,89.9,51,73385.414,69.71614,Inarijärvi (S8),1,July2021
MP_14,[593,1750],[3262,9625],pp,70,2117.5,107.4,25.1,21270.252,20.20674,Inarijärvi (S8),1,July2021
MP_15,[974,1504],[5357,8272],pp,25,756.3,35.1,27.4,8294.039,7.87934,Inarijärvi (S8),1,July2021
MP_16,[1063,2213],[5847,12172],pp,364,11011,157,89.3,393191.656,373.53206,Inarijärvi (S8),1,July2021
MP_17,[1702,580],[9361,3190],pp,10,302.5,28.8,13.4,1616.249,1.53544,Inarijärvi (S8),1,July2021
MP_18,[1758,2020],[9669,11110],pp,23,695.8,40.7,21.8,6054.787,5.75205,Inarijärvi (S8),1,July2021
MP_1,[1235,458],[6793,2519],pet,6,181.5,21.1,11,796.783,1.09956,Vainosjoki (S7),1,July2021
MP_2,[1408,1227],[7744,6749],pet,30,907.5,44.2,26.1,9490.432,13.0968,Vainosjoki (S7),1,July2021
MP_3,[1438,1762],[7909,9691],pet,8,242,25.3,12.2,1177.488,1.62493,Vainosjoki (S7),1,July2021
MP_4,[1549,1961],[8520,10786],pet,41,1240.3,55.8,28.3,14050.653,19.3899,Vainosjoki (S7),1,July2021
MP_5,[2078,839],[11429,4615],pet,10,302.5,25.3,15.2,1839.825,2.53896,Vainosjoki (S7),1,July2021
MP_6,[418,668],[2299,3674],pe,51,1542.8,52.5,37.4,23092.826,21.93819,Vainosjoki (S7),1,July2021
MP_7,[717,1503],[3944,8267],pe,99,2994.8,89.5,42.6,51061.344,48.50828,Vainosjoki (S7),1,July2021
MP_8,[727,878],[3999,4829],pe,225,6806.3,149.8,57.8,157464.359,149.59114,Vainosjoki (S7),1,July2021
MP_9,[902,565],[4961,3108],pe,112,3388,103.1,41.8,56697.656,53.86277,Vainosjoki (S7),1,July2021
MP_10,[999,448],[5495,2464],pe,1961,59320.3,474.4,159.2,3777832.5,3588.94075,Vainosjoki (S7),1,July2021
MP_11,[1050,302],[5775,1661],pe,113,3418.3,135.8,32.1,43822.652,41.63152,Vainosjoki (S7),1,July2021
MP_12,[1200,617],[6600,3394],pe,170,5142.5,147.5,44.4,91330.945,86.7644,Vainosjoki (S7),1,July2021
MP_13,[1321,169],[7266,930],pe,207,6261.8,146.5,54.4,136341.594,129.52452,Vainosjoki (S7),1,July2021
MP_14,[1617,1171],[8894,6441],pe,190,5747.5,175.4,41.7,95930.367,91.13385,Vainosjoki (S7),1,July2021
MP_15,[1621,364],[8916,2002],pe,93,2813.3,91.7,39.1,43978.582,41.77965,Vainosjoki (S7),1,July2021
MP_16,[1721,1876],[9466,10318],pe,143,4325.8,107.3,51.3,88849.617,84.40713,Vainosjoki (S7),1,July2021
MP_17,[1978,738],[10879,4059],pe,617,18664.3,254.1,93.5,698103.688,663.1985,Vainosjoki (S7),1,July2021
MP_18,[2228,1192],[12254,6556],pe,62,1875.5,74.3,32.1,24110.793,22.90525,Vainosjoki (S7),1,July2021
MP_19,[722,1275],[3971,7013],pp,398,12039.5,161.9,94.7,455875.25,433.08147,Vainosjoki (S7),1,July2021
MP_20,[878,1909],[4829,10500],pp,503,15215.8,251.4,77.1,469097.125,445.64225,Vainosjoki (S7),1,July2021
MP_21,[1478,2246],[8129,12353],pp,410,12402.5,209.4,75.4,374087.938,355.38353,Vainosjoki (S7),1,July2021
MP_22,[1583,1695],[8707,9323],pp,31,937.8,46.8,25.5,9567.92,9.08952,Vainosjoki (S7),1,July2021
MP_23,[101,1116],[556,6138],pp,81,2450.3,66,47.3,46334.172,44.01746,Vainosjoki (S7),1,July2021
MP_24,[889,1234],[4890,6787],pp,18,544.5,36.6,18.9,4124.147,3.91794,Vainosjoki (S7),1,July2021
MP_25,[927,1660],[5099,9130],pp,25,756.3,44.4,21.7,6561.562,6.23348,Vainosjoki (S7),1,July2021
MP_26,[1377,1945],[7574,10698],pp,162,4900.5,101.5,61.4,120444.336,114.42212,Vainosjoki (S7),1,July2021
MP_27,[1551,474],[8531,2607],pp,616,18634,209.8,113.1,842917.25,800.77138,Vainosjoki (S7),1,July2021
MP_28,[1589,1876],[8740,10318],pp,121,3660.3,95.8,48.7,71253.352,67.69068,Vainosjoki (S7),1,July2021
MP_29,[1798,535],[9889,2943],pp,96,2904,78.7,47,54596.512,51.86668,Vainosjoki (S7),1,July2021
MP_30,[1901,857],[10456,4714],pp,190,5747.5,120.1,60.9,140120.828,133.11478,Vainosjoki (S7),1,July2021
MP_31,[90,1071],[495,5891],pp,49,1482.3,57.5,32.8,19449.201,18.47674,Vainosjoki (S7),1,July2021
MP_32,[97,1129],[534,6210],pp,77,2329.3,77.4,38.3,35689.938,33.90544,Vainosjoki (S7),1,July2021
MP_33,[249,709],[1370,3900],pp,203,6140.8,143.5,54.5,133787.797,127.09841,Vainosjoki (S7),1,July2021
MP_34,[809,1967],[4450,10819],pp,114,3448.5,93.9,46.8,64505.133,61.27988,Vainosjoki (S7),1,July2021
MP_35,[967,143],[5319,787],pp,533,16123.3,187.1,109.7,707685.625,672.30131,Vainosjoki (S7),1,July2021
MP_36,[1055,2090],[5803,11495],pp,144,4356,122.7,45.2,78740.125,74.80312,Vainosjoki (S7),1,July2021
MP_37,[2153,1229],[11842,6760],pp,33,998.3,41.3,30.7,12276.58,11.66275,Vainosjoki (S7),1,July2021
MP_1,[897,871],[4934,4791],pet,7,211.8,22.9,11.8,997.524,1.37658, Härkälahti (S10),1,Oct2021
MP_2,[722,1252],[3971,6886],pe,226,6836.5,180.6,48.2,131774.984,125.18623, Härkälahti (S10),1,Oct2021
MP_3,[977,2022],[5374,11121],ps,175,5293.8,124.3,54.2,114813.867,119.40641, Härkälahti (S10),1,Oct2021
MP_4,[410,930],[2255,5115],pp,39,1179.8,49.1,30.6,14430.71,13.70917, Härkälahti (S10),1,Oct2021
MP_5,[1165,1217],[6408,6694],pp,44,1331,74.1,22.9,12181.057,11.572, Härkälahti (S10),1,Oct2021
MP_6,[518,326],[2849,1793],pp,31,937.8,49.7,24,9016.532,8.56571, Härkälahti (S10),1,Oct2021
MP_7,[593,1790],[3262,9845],pp,80,2420,104.9,29.4,28438.342,27.01642, Härkälahti (S10),1,Oct2021
MP_8,[1155,1198],[6353,6589],pp,13,393.3,33.5,14.9,2347.928,2.23053, Härkälahti (S10),1,Oct2021
MP_9,[587,2276],[3229,12518],pp,183,5535.8,144.9,48.7,107745.469,102.3582, Härkälahti (S10),1,Oct2021
MP_1,[1766,577],[9713,3174],pa,554,16758.5,266.2,80.2,537321.313,612.54631,Kolttaköngäs (S11),1,Oct2021
MP_2,[805,962],[4428,5291],pet,19,574.8,47.4,15.4,3550.35,4.89948,Kolttaköngäs (S11),1,Oct2021
MP_3,[966,463],[5313,2547],pet,5,151.3,17.8,10.8,654.607,0.90336,Kolttaköngäs (S11),1,Oct2021
MP_4,[1033,252],[5682,1386],pet,52,1573,82.7,24.2,15238.497,21.02913,Kolttaköngäs (S11),1,Oct2021
MP_5,[1935,713],[10643,3922],pet,11,332.8,25.3,16.7,2226.188,3.07214,Kolttaköngäs (S11),1,Oct2021
MP_6,[902,141],[4961,776],ps,66,1996.5,72.3,35.2,28079.678,29.20286,Kolttaköngäs (S11),1,Oct2021
MP_7,[653,1000],[3592,5500],pp,30,907.5,40.7,28.4,10301.149,9.78609,Kolttaköngäs (S11),1,Oct2021
MP_8,[772,1830],[4246,10065],pp,34,1028.5,49.8,26.3,10808.854,10.26841,Kolttaköngäs (S11),1,Oct2021
MP_9,[1441,962],[7926,5291],pp,37,1119.3,49.1,29,12988.589,12.33916,Kolttaköngäs (S11),1,Oct2021
MP_10,[334,562],[1837,3091],pp,174,5263.5,99.5,67.4,141830.859,134.73931,Kolttaköngäs (S11),1,Oct2021
MP_11,[655,1403],[3603,7717],pp,141,4265.3,130.6,41.6,70946.625,67.39929,Kolttaköngäs (S11),1,Oct2021
MP_12,[922,144],[5071,792],pp,210,6352.5,136.8,59.1,150241.797,142.7297,Kolttaköngäs (S11),1,Oct2021
MP_13,[1024,1524],[5632,8382],pp,9,272.3,33,10.5,1143.91,1.08671,Kolttaköngäs (S11),1,Oct2021
MP_14,[1352,421],[7436,2316],pp,582,17605.5,290.8,77.1,542902.75,515.75759,Kolttaköngäs (S11),1,Oct2021
MP_15,[1368,1632],[7524,8976],pp,16,484,37.6,16.4,3175.536,3.01676,Kolttaköngäs (S11),1,Oct2021
MP_16,[1557,1455],[8564,8003],pp,148,4477,281.2,20.3,36302.469,34.48734,Kolttaköngäs (S11),1,Oct2021
MP_17,[1586,1898],[8723,10439],pp,179,5414.8,157.8,43.7,94655.539,89.92276,Kolttaköngäs (S11),1,Oct2021
MP_18,[1689,429],[9290,2360],pp,34,1028.5,44.8,29.2,12031.888,11.43029,Kolttaköngäs (S11),1,Oct2021
MP_19,[1706,1886],[9383,10373],pp,39,1179.8,49.1,30.6,14422.214,13.7011,Kolttaköngäs (S11),1,Oct2021
MP_20,[1823,1236],[10027,6798],pp,70,2117.5,81.2,33.2,28120.488,26.71446,Kolttaköngäs (S11),1,Oct2021
MP_21,[177,666],[974,3663],pp,63,1905.8,84.9,28.6,21783.094,20.69394,Kolttaköngäs (S11),1,Oct2021
MP_22,[769,755],[4230,4153],pp,14,423.5,35.1,15.4,2601.011,2.47096,Kolttaköngäs (S11),1,Oct2021
MP_23,[804,1742],[4422,9581],pp,387,11706.8,160.3,93,435481.219,413.70716,Kolttaköngäs (S11),1,Oct2021
MP_24,[1006,1022],[5533,5621],pp,26,786.5,45,22.3,7006.253,6.65594,Kolttaköngäs (S11),1,Oct2021
MP_25,[1360,1235],[7480,6793],pp,24,726,37.6,24.6,7144.955,6.78771,Kolttaköngäs (S11),1,Oct2021
MP_26,[1412,1005],[7766,5528],pp,57,1724.3,62.3,35.3,24321.658,23.10557,Kolttaköngäs (S11),1,Oct2021
MP_27,[1187,1274],[6529,7007],pp,15,453.8,28.2,20.5,3721.409,3.53534,Kolttaköngäs (S11),1,Oct2021
MP_28,[1251,103],[6881,567],pp,336,10164,238,54.4,221056.625,210.0038,Kolttaköngäs (S11),1,Oct2021
MP_1,[1178,238],[6479,1309],pet,13,393.3,28.2,17.8,2795.192,3.85736,Sollomusjoki (S12),1,Oct2021
MP_2,[1986,1075],[10923,5913],pet,317,9589.3,160.9,75.9,291075.438,401.68409,Sollomusjoki (S12),1,Oct2021
MP_3,[1243,1217],[6837,6694],pet,218,6594.5,409.8,20.5,54044,74.58072,Sollomusjoki (S12),1,Oct2021
MP_4,[1819,1107],[10005,6089],pe,209,6322.3,131.3,61.3,155018.906,147.26795,Sollomusjoki (S12),1,Oct2021
MP_5,[1514,212],[8327,1166],ps,59,1784.8,60.6,37.5,26753.838,27.82399,Sollomusjoki (S12),1,Oct2021
MP_6,[1619,912],[8905,5016],ps,89,2692.3,88.5,38.8,41732.133,43.40142,Sollomusjoki (S12),1,Oct2021
MP_7,[2262,2021],[12441,11116],ps,8,242,22.9,13.5,1302.888,1.355,Sollomusjoki (S12),1,Oct2021
MP_8,[930,605],[5115,3328],pp,65,1966.3,78.8,31.8,25000.217,23.75021,Sollomusjoki (S12),1,Oct2021
MP_9,[1460,370],[8030,2035],pp,81,2450.3,116.4,26.8,26277.369,24.9635,Sollomusjoki (S12),1,Oct2021
MP_10,[1614,1350],[8877,7425],pp,389,11767.3,191.1,78.4,368994.813,350.54506,Sollomusjoki (S12),1,Oct2021
MP_11,[1951,744],[10731,4092],pp,133,4023.3,92.5,55.4,89165.805,84.70752,Sollomusjoki (S12),1,Oct2021
MP_12,[2047,859],[11259,4725],pp,618,18694.5,341.2,69.8,521682.469,495.59834,Sollomusjoki (S12),1,Oct2021
MP_13,[522,1662],[2871,9141],pp,4,121,13.3,11.6,561.568,0.53349,Sollomusjoki (S12),1,Oct2021
MP_14,[932,756],[5126,4158],pp,248,7502,143.5,66.6,199742.297,189.75517,Sollomusjoki (S12),1,Oct2021
MP_15,[1341,697],[7376,3834],pp,101,3055.3,80.6,48.3,59006.551,56.05622,Sollomusjoki (S12),1,Oct2021
MP_16,[1446,731],[7953,4021],pp,44,1331,58.7,28.9,15377.539,14.60866,Sollomusjoki (S12),1,Oct2021
MP_17,[1956,812],[10758,4466],pp,189,5717.3,133.4,54.6,124806.336,118.56602,Sollomusjoki (S12),1,Oct2021
MP_18,[2006,1715],[11033,9433],pp,126,3811.5,110.8,43.8,66766.375,63.42805,Sollomusjoki (S12),1,Oct2021
MP_19,[1143,558],[6287,3069],pp,52,1573,63,31.8,19988.066,18.98866,Sollomusjoki (S12),1,Oct2021
MP_20,[1977,799],[10874,4395],pp,95,2873.8,81.2,45.1,51793.355,49.20369,Sollomusjoki (S12),1,Oct2021
MP_21,[2180,1764],[11990,9702],pmma,54,1633.5,56.8,36.6,23926.627,28.23342,Sollomusjoki (S12),1,Oct2021
MP_1,[1339,1990],[7365,10945],pet,5,151.3,17.8,10.8,654.607,0.90336,Solmupuro (S13),1,Oct2021
MP_2,[1476,794],[8118,4367],pet,7,211.8,22.9,11.8,997.524,1.37658,Solmupuro (S13),1,Oct2021
MP_3,[1637,400],[9004,2200],pet,12,363,30.1,15.4,2229.789,3.07711,Solmupuro (S13),1,Oct2021
MP_4,[1448,126],[7964,693],pe,215,6503.8,128.9,64.3,167189.844,158.83034,Solmupuro (S13),1,Oct2021
MP_5,[1573,1235],[8652,6793],pe,136,4114,127,41.2,67870.758,64.47722,Solmupuro (S13),1,Oct2021
MP_6,[514,356],[2827,1958],ps,25,756.3,42.4,22.7,6870.448,7.14527,Solmupuro (S13),1,Oct2021
MP_7,[309,1127],[1700,6199],pp,308,9317,172.1,68.9,256935.109,244.08834,Solmupuro (S13),1,Oct2021
MP_8,[678,852],[3729,4686],pp,38,1149.5,58.7,24.9,11469.612,10.89613,Solmupuro (S13),1,Oct2021
MP_9,[1298,1301],[7139,7156],pp,117,3539.3,91.3,49.4,69878.727,66.38479,Solmupuro (S13),1,Oct2021
MP_10,[1393,1956],[7662,10758],pp,169,5112.3,113.6,57.3,117123.383,111.26721,Solmupuro (S13),1,Oct2021
MP_11,[1804,329],[9922,1810],pp,5,151.3,17.8,10.8,654.607,0.62188,Solmupuro (S13),1,Oct2021
MP_12,[234,662],[1287,3641],pp,33,998.3,56.9,22.3,8912.754,8.46712,Solmupuro (S13),1,Oct2021
MP_13,[1211,838],[6661,4609],pp,69,2087.3,66.1,40.2,33554.832,31.87709,Solmupuro (S13),1,Oct2021
MP_14,[1352,409],[7436,2250],pp,104,3146,116.3,34.4,43350.855,41.18331,Solmupuro (S13),1,Oct2021
MP_15,[1454,609],[7997,3350],pp,504,15246,222.9,87.1,531208.688,504.64825,Solmupuro (S13),1,Oct2021
MP_16,[1575,1221],[8663,6716],pp,15,453.8,35.1,16.5,2985.854,2.83656,Solmupuro (S13),1,Oct2021
MP_17,[1575,1238],[8663,6809],pp,25,756.3,49.5,19.5,5884.312,5.5901,Solmupuro (S13),1,Oct2021
MP_18,[83,1388],[457,7634],pmma,340,10285,165.1,79.3,326227.719,384.94869,Solmupuro (S13),1,Oct2021
MP_19,[288,826],[1584,4543],pmma,236,7139,175.2,51.9,148154.813,174.82267,Solmupuro (S13),1,Oct2021
MP_20,[297,856],[1634,4708],pmma,41,1240.3,55.2,28.6,14204.467,16.76127,Solmupuro (S13),1,Oct2021
MP_21,[1043,301],[5737,1656],pmma,205,6201.3,111.4,70.9,175829.609,207.47894,Solmupuro (S13),1,Oct2021
MP_1,[1076,1710],[5918,9405],pet,196,5929,142.4,53,125715.297,173.48711,Vainosjoki 2 (S14),1,Oct2021
MP_2,[1105,1789],[6078,9840],pet,145,4386.3,129.2,43.2,75857.891,104.68389,Vainosjoki 2 (S14),1,Oct2021
MP_3,[1492,1090],[8206,5995],pet,124,3751,123.1,38.8,58225.195,80.35077,Vainosjoki 2 (S14),1,Oct2021
MP_4,[1511,1438],[8311,7909],pet,71,2147.8,85.8,31.9,27392.451,37.80158,Vainosjoki 2 (S14),1,Oct2021
MP_5,[1640,1596],[9020,8778],pet,20,605,37.6,20.5,4961.774,6.84725,Vainosjoki 2 (S14),1,Oct2021
MP_6,[1304,1341],[7172,7376],pe,526,15911.5,308.2,65.7,418341.938,397.42484,Vainosjoki 2 (S14),1,Oct2021
MP_7,[1184,2071],[6512,11391],pe,69,2087.3,78.4,33.9,28318.027,26.90213,Vainosjoki 2 (S14),1,Oct2021
MP_8,[1239,1023],[6815,5627],ps,235,7108.8,151.1,59.9,170321.844,177.13472,Vainosjoki 2 (S14),1,Oct2021
MP_9,[911,963],[5011,5297],pp,51,1542.8,64,30.7,18950.182,18.00267,Vainosjoki 2 (S14),1,Oct2021
MP_10,[1528,265],[8404,1458],pp,179,5414.8,117.1,58.9,127526.438,121.15012,Vainosjoki 2 (S14),1,Oct2021
MP_11,[1954,1475],[10747,8113],pp,87,2631.8,110.4,30.4,31962.723,30.36459,Vainosjoki 2 (S14),1,Oct2021
MP_12,[5,905],[28,4978],pp,34,1028.5,63.8,20.5,8440.321,8.01831,Vainosjoki 2 (S14),1,Oct2021
MP_13,[1068,1461],[5874,8036],pp,206,6231.5,129.3,61.4,153010.719,145.36019,Vainosjoki 2 (S14),1,Oct2021
MP_14,[1071,220],[5891,1210],pp,62,1875.5,63.8,37.4,28066.258,26.66295,Vainosjoki 2 (S14),1,Oct2021
MP_15,[1305,1385],[7178,7618],pp,95,2873.8,78.8,46.5,53402.836,50.7327,Vainosjoki 2 (S14),1,Oct2021
MP_16,[1611,300],[8861,1650],pp,172,5203,120.9,54.8,114029.164,108.3277,Vainosjoki 2 (S14),1,Oct2021
MP_17,[1615,1487],[8883,8179],pp,184,5566,109,65,144727.438,137.49106,Vainosjoki 2 (S14),1,Oct2021
MP_18,[1928,507],[10604,2789],pp,600,18150,249.8,92.5,671711.875,638.12625,Vainosjoki 2 (S14),1,Oct2021
MP_19,[1943,1504],[10687,8272],pp,191,5777.8,130.4,56.4,130344.227,123.82702,Vainosjoki 2 (S14),1,Oct2021
MP_20,[2042,1630],[11231,8965],pp,417,12614.3,175.8,91.3,460914.469,437.86875,Vainosjoki 2 (S14),1,Oct2021
MP_21,[2156,950],[11858,5225],pp,291,8802.8,153.1,73.2,257717.891,244.832,Vainosjoki 2 (S14),1,Oct2021
MP_22,[2189,945],[12040,5198],pp,303,9165.8,202.9,57.5,210894.688,200.34995,Vainosjoki 2 (S14),1,Oct2021
MP_23,[2212,1017],[12166,5594],pp,243,7350.8,145.5,64.3,189175.328,179.71656,Vainosjoki 2 (S14),1,Oct2021
MP_24,[272,329],[1496,1810],pp,99,2994.8,206.6,18.5,22112.635,21.007,Vainosjoki 2 (S14),1,Oct2021
MP_25,[867,1612],[4769,8866],pp,23,695.8,45.2,19.6,5458.991,5.18604,Vainosjoki 2 (S14),1,Oct2021
MP_26,[1269,1629],[6980,8960],pp,384,11616,415.8,35.6,165279.016,157.01506,Vainosjoki 2 (S14),1,Oct2021
MP_27,[1297,1490],[7134,8195],pp,69,2087.3,76.6,34.7,28976.406,27.52759,Vainosjoki 2 (S14),1,Oct2021
MP_28,[1369,33],[7530,182],pp,76,2299,78.4,37.4,34352.051,32.63445,Vainosjoki 2 (S14),1,Oct2021
MP_29,[1375,1108],[7563,6094],pp,188,5687,105.9,68.4,155522.094,147.74598,Vainosjoki 2 (S14),1,Oct2021
MP_30,[1434,1573],[7887,8652],pp,93,2813.3,81.2,44.1,49635.535,47.15376,Vainosjoki 2 (S14),1,Oct2021
MP_31,[1480,1100],[8140,6050],pp,111,3357.8,78.5,54.4,73116.219,69.46041,Vainosjoki 2 (S14),1,Oct2021
MP_32,[1497,1463],[8234,8047],pp,110,3327.5,86.1,49.2,65462.363,62.18925,Vainosjoki 2 (S14),1,Oct2021
MP_33,[1609,1886],[8850,10373],pp,139,4204.8,82.9,64.6,108627.859,103.19647,Vainosjoki 2 (S14),1,Oct2021
MP_34,[1661,1343],[9136,7387],pp,137,4144.3,89.3,59.1,97915.664,93.01988,Vainosjoki 2 (S14),1,Oct2021
MP_35,[1725,1389],[9488,7640],pp,98,2964.5,91.2,41.4,49057.48,46.60461,Vainosjoki 2 (S14),1,Oct2021
MP_36,[1721,1770],[9466,9735],pp,24,726,35.1,26.3,7643.787,7.2616,Vainosjoki 2 (S14),1,Oct2021
MP_37,[1804,425],[9922,2338],pp,22,665.5,45.5,18.6,4952.99,4.70534,Vainosjoki 2 (S14),1,Oct2021
MP_38,[1845,1897],[10148,10434],pp,45,1361.3,74.3,23.3,12704.091,12.06889,Vainosjoki 2 (S14),1,Oct2021
MP_39,[1915,542],[10533,2981],pp,181,5475.3,184.7,37.7,82661.898,78.5288,Vainosjoki 2 (S14),1,Oct2021
MP_40,[2220,661],[12210,3636],pp,49,1482.3,56.2,33.6,19907.598,18.91222,Vainosjoki 2 (S14),1,Oct2021
MP_41,[148,569],[814,3130],pp,593,17938.3,190.9,119.6,858436,815.51419,Vainosjoki 2 (S14),1,Oct2021
MP_1,[1765,735],[9708,4043],pa,51,1542.8,103.1,19,11755.475,13.40124,Vainosjoki 1 (S15),1,Oct2021
MP_2,[485,700],[2668,3850],pet,5,151.3,17.8,10.8,654.607,0.90336,Vainosjoki 1 (S15),1,Oct2021
MP_3,[614,1982],[3377,10901],pet,14,423.5,28.2,19.1,3241.761,4.47363,Vainosjoki 1 (S15),1,Oct2021
MP_4,[1373,852],[7552,4686],pet,55,1663.8,90.3,23.5,15619.198,21.55449,Vainosjoki 1 (S15),1,Oct2021
MP_5,[1724,1685],[9482,9268],pet,22,665.5,39,21.8,5790.297,7.99061,Vainosjoki 1 (S15),1,Oct2021
MP_6,[817,423],[4494,2327],pe,165,4991.3,149.3,42.6,84978.703,80.72977,Vainosjoki 1 (S15),1,Oct2021
MP_7,[999,798],[5495,4389],pe,17,514.3,33.5,19.5,4015.097,3.81434,Vainosjoki 1 (S15),1,Oct2021
MP_8,[1900,344],[10450,1892],pe,111,3357.8,110.9,38.5,51774.316,49.1856,Vainosjoki 1 (S15),1,Oct2021
MP_9,[939,1953],[5165,10742],pp,332,10043,133.5,95.8,384825.656,365.58438,Vainosjoki 1 (S15),1,Oct2021
MP_10,[1299,104],[7145,572],pp,53,1603.3,69,29.6,18960.709,18.01267,Vainosjoki 1 (S15),1,Oct2021
MP_11,[1446,690],[7953,3795],pp,545,16486.3,222,94.5,623501.313,592.32625,Vainosjoki 1 (S15),1,Oct2021
MP_12,[997,547],[5484,3009],pp,102,3085.5,106.6,36.8,45469.414,43.19594,Vainosjoki 1 (S15),1,Oct2021
MP_13,[1086,1500],[5973,8250],pp,187,5656.8,172.8,41.7,94291.68,89.57709,Vainosjoki 1 (S15),1,Oct2021
MP_14,[1326,336],[7293,1848],pp,283,8560.8,166.1,65.6,224698.766,213.46383,Vainosjoki 1 (S15),1,Oct2021
MP_15,[1427,1806],[7849,9933],pp,2145,64886.3,720.8,114.6,2974621.5,2825.8905,Vainosjoki 1 (S15),1,Oct2021
MP_16,[1418,237],[7799,1304],pp,85,2571.3,72.1,45.4,46720.418,44.3844,Vainosjoki 1 (S15),1,Oct2021
MP_17,[1515,1694],[8333,9317],pp,123,3720.8,115.7,41,60951.836,57.90424,Vainosjoki 1 (S15),1,Oct2021
MP_18,[1538,1626],[8459,8943],pp,103,3115.8,96.6,41.1,51184.277,48.62506,Vainosjoki 1 (S15),1,Oct2021
MP_19,[1554,1485],[8547,8168],pp,158,4779.5,125.6,48.4,92618.07,87.98716,Vainosjoki 1 (S15),1,Oct2021
MP_20,[1864,446],[10252,2453],pp,38,1149.5,51.7,28.3,13023.377,12.37221,Vainosjoki 1 (S15),1,Oct2021
MP_21,[1890,493],[10395,2712],pp,100,3025,110.9,34.7,42036.691,39.93486,Vainosjoki 1 (S15),1,Oct2021
MP_22,[2036,1217],[11198,6694],pp,964,29161,265.1,140.1,1633817.625,1552.12675,Vainosjoki 1 (S15),1,Oct2021
MP_23,[722,902],[3971,4961],pp,266,8046.5,128.2,79.9,257223,244.36184,Vainosjoki 1 (S15),1,Oct2021
MP_24,[903,859],[4967,4725],pp,27,816.8,46.5,22.4,7311.978,6.94638,Vainosjoki 1 (S15),1,Oct2021
MP_25,[1079,1813],[5935,9972],pp,44,1331,50.3,33.7,17920.146,17.02414,Vainosjoki 1 (S15),1,Oct2021
MP_26,[1205,1719],[6628,9455],pp,104,3146,85.3,47,59121.84,56.16575,Vainosjoki 1 (S15),1,Oct2021
MP_27,[1403,1064],[7717,5852],pp,40,1210,62.3,24.7,11977.425,11.37855,Vainosjoki 1 (S15),1,Oct2021
MP_28,[1558,1354],[8569,7447],pp,289,8742.3,124.6,89.4,312449.094,296.82663,Vainosjoki 1 (S15),1,Oct2021
MP_29,[1617,981],[8894,5396],pp,52,1573,60.9,32.9,20693.273,19.65861,Vainosjoki 1 (S15),1,Oct2021
MP_30,[1642,661],[9031,3636],pp,54,1633.5,61.3,33.9,22164.396,21.05618,Vainosjoki 1 (S15),1,Oct2021
MP_31,[1801,1747],[9906,9609],pp,208,6292,117.5,68.2,171604.328,163.02411,Vainosjoki 1 (S15),1,Oct2021
MP_32,[1811,2037],[9961,11204],pp,323,9770.8,170.4,73,285407.625,271.13725,Vainosjoki 1 (S15),1,Oct2021
MP_33,[1932,647],[10626,3559],pp,63,1905.8,64.9,37.4,28516.547,27.09072,Vainosjoki 1 (S15),1,Oct2021
MP_34,[1941,1918],[10676,10549],pp,264,7986,125.8,80.8,258245.203,245.33294,Vainosjoki 1 (S15),1,Oct2021
MP_35,[2130,1528],[11715,8404],pp,33,998.3,49.7,25.6,10217.486,9.70661,Vainosjoki 1 (S15),1,Oct2021
MP_36,[1648,981],[9064,5396],pmma,164,4961,161.6,39.1,77544.734,91.50278,Vainosjoki 1 (S15),1,Oct2021
MP_37,[2073,512],[11402,2816],pmma,75,2268.8,82,35.2,31973.371,37.72858,Vainosjoki 1 (S15),1,Oct2021
MP_1,[1075,65],[5913,358],pe,56,1694,66,32.7,22146.617,21.03929,Vainosjoki 3 (S16),1,Oct2021
MP_2,[983,97],[5407,534],ps,109,3297.3,100.9,41.6,54873.875,57.06883,Vainosjoki 3 (S16),1,Oct2021
MP_3,[807,101],[4439,556],ps,20,605,33.5,23,5557.228,5.77952,Vainosjoki 3 (S16),1,Oct2021
MP_4,[907,38],[4989,209],ps,29,877.3,44.2,25.3,8868.281,9.22301,Vainosjoki 3 (S16),1,Oct2021
MP_5,[922,41],[5071,226],ps,23,695.8,37.6,23.6,6561.946,6.82442,Vainosjoki 3 (S16),1,Oct2021
MP_6,[960,86],[5280,473],ps,20,605,33.5,23,5557.228,5.77952,Vainosjoki 3 (S16),1,Oct2021
MP_7,[2075,488],[11413,2684],pp,6,181.5,17.8,13,942.634,0.8955,Vainosjoki 3 (S16),1,Oct2021
MP_8,[98,1068],[539,5874],pp,53,1603.3,73,28,17940.039,17.04304,Vainosjoki 3 (S16),1,Oct2021
MP_9,[780,1979],[4290,10885],pp,129,3902.3,108.3,45.9,71612.859,68.03222,Vainosjoki 3 (S16),1,Oct2021
MP_1,[155,1576],[853,8668],pe,135,4083.8,91.6,56.7,92678.906,88.04496,Näätämövuono 1 (S17),1,Oct2021
MP_2,[671,844],[3691,4642],pe,512,15488,211.4,93.3,577808.688,548.91825,Näätämövuono 1 (S17),1,Oct2021
MP_3,[842,679],[4631,3735],pe,187,5656.8,137.2,52.5,118788.461,112.84904,Näätämövuono 1 (S17),1,Oct2021
MP_4,[1157,1003],[6364,5517],pe,150,4537.5,157.1,36.8,66766.414,63.42809,Näätämövuono 1 (S17),1,Oct2021
MP_5,[1706,1978],[9383,10879],pe,30,907.5,45,25.7,9327.854,8.86146,Näätämövuono 1 (S17),1,Oct2021
MP_6,[824,1240],[4532,6820],abs,403,12190.8,169.5,91.6,446593.281,477.85484,Näätämövuono 1 (S17),1,Oct2021
MP_7,[1334,2169],[7337,11930],abs,375,11343.8,186.7,77.4,351058.875,375.633,Näätämövuono 1 (S17),1,Oct2021
MP_8,[666,1588],[3663,8734],pp,133,4023.3,84.2,60.8,97850.82,92.95828,Näätämövuono 1 (S17),1,Oct2021
MP_9,[1859,1372],[10225,7546],pp,74,2238.5,64.9,43.9,39344.066,37.37686,Näätämövuono 1 (S17),1,Oct2021
MP_10,[1018,2187],[5599,12029],pp,74,2238.5,94.1,30.3,27130.432,25.77391,Näätämövuono 1 (S17),1,Oct2021
MP_11,[1743,1637],[9587,9004],pp,155,4688.8,96.8,61.7,115726.031,109.93973,Näätämövuono 1 (S17),1,Oct2021
MP_12,[1871,1402],[10291,7711],pp,204,6171,122.5,64.1,158264.875,150.35163,Näätämövuono 1 (S17),1,Oct2021
MP_13,[775,436],[4263,2398],pp,42,1270.5,50.9,31.8,16165.644,15.35736,Näätämövuono 1 (S17),1,Oct2021
MP_14,[832,719],[4576,3955],pp,57,1724.3,58.7,37.4,25806.627,24.51629,Näätämövuono 1 (S17),1,Oct2021
MP_15,[1798,1456],[9889,8008],pp,469,14187.3,196.6,91.9,521533.063,495.45641,Näätämövuono 1 (S17),1,Oct2021
MP_1,[727,542],[3999,2981],pet,130,3932.5,105.7,47.4,74510.453,102.82442,Näätämövuono 2 (S8 ),1,Oct2021
MP_2,[28,429],[154,2360],pe,387,11706.8,174.7,85.3,399431.031,379.45947,Näätämövuono 2 (S8 ),1,Oct2021
MP_3,[1214,1802],[6677,9911],pe,240,7260,143.2,64.6,187494.063,178.11936,Näätämövuono 2 (S8 ),1,Oct2021
MP_4,[1701,1106],[9356,6083],pe,17,514.3,30.1,21.8,4475.063,4.25131,Näätämövuono 2 (S8 ),1,Oct2021
MP_5,[1941,1217],[10676,6694],pe,614,18573.5,245.1,96.5,716931.938,681.08531,Näätämövuono 2 (S8 ),1,Oct2021
MP_6,[588,866],[3234,4763],pe,179,5414.8,102,67.6,146363.141,139.04498,Näätämövuono 2 (S8 ),1,Oct2021
MP_7,[1284,1765],[7062,9708],pe,393,11888.3,231.3,65.4,311191.313,295.63175,Näätämövuono 2 (S8 ),1,Oct2021
MP_8,[1847,1040],[10159,5720],pe,129,3902.3,127.2,39.1,60970.117,57.92161,Näätämövuono 2 (S8 ),1,Oct2021
MP_9,[1456,1453],[8008,7992],pp,45,1361.3,68.9,25.1,13692.059,13.00746,Näätämövuono 2 (S8 ),1,Oct2021
MP_10,[1751,1647],[9631,9059],pp,263,7955.8,148,68.4,217824.969,206.93372,Näätämövuono 2 (S8 ),1,Oct2021
MP_11,[806,770],[4433,4235],pp,6,181.5,17.8,13,942.634,0.8955,Näätämövuono 2 (S8 ),1,Oct2021
MP_12,[640,1998],[3520,10989],pp,44,1331,55.2,30.7,16359.217,15.54126,Näätämövuono 2 (S8 ),1,Oct2021
MP_13,[1165,1492],[6408,8206],pp,93,2813.3,89.6,40,44969.172,42.72071,Näätämövuono 2 (S8 ),1,Oct2021
MP_1,[715,1495],[3933,8223],pet,337,10194.3,264.6,49.1,200052.891,276.073,Vainosjoki 1 (S19),1,July2023
MP_2,[752,1496],[4136,8228],pet,222,6715.5,150.9,56.7,152240.813,210.09233,Vainosjoki 1 (S19),1,July2023
MP_3,[1124,2155],[6182,11853],pet,160,4840,188.5,32.7,63293.34,87.34481,Vainosjoki 1 (S19),1,July2023
MP_4,[341,748],[1876,4114],pe,187,5656.8,120.3,59.9,135424.906,128.65366,Vainosjoki 1 (S19),1,July2023
MP_5,[688,1727],[3784,9499],pe,124,3751,84.9,56.3,84418.859,80.19791,Vainosjoki 1 (S19),1,July2023
MP_6,[1129,1897],[6210,10434],abs,145,4386.3,99.5,56.1,98493.656,105.38822,Vainosjoki 1 (S19),1,July2023
MP_7,[1164,1734],[6402,9537],pp,351,10617.8,169.9,79.6,338032.813,321.13116,Vainosjoki 1 (S19),1,July2023
MP_8,[1489,595],[8190,3273],pp,953,28828.3,280.3,131,1510222.875,1434.71175,Vainosjoki 1 (S19),1,July2023
MP_9,[831,1091],[4571,6001],pp,19,574.8,36.6,20,4595.115,4.36536,Vainosjoki 1 (S19),1,July2023
MP_10,[1697,1040],[9334,5720],pp,67,2026.8,76.6,33.7,27320.961,25.95491,Vainosjoki 1 (S19),1,July2023
MP_11,[1873,1350],[10302,7425],pp,18,544.5,45.2,15.4,3343.503,3.17633,Vainosjoki 1 (S19),1,July2023
MP_1,[1928,2020],[10604,11110],pe,78,2359.5,78.3,38.4,36234.453,34.42273,Vainosjoki 1 (S19),2,July2023
MP_2,[316,1695],[1738,9323],pp,765,23141.3,341.2,86.4,799393.813,759.42413,Vainosjoki 1 (S19),2,July2023
MP_3,[495,808],[2723,4444],pp,32,968,46.5,26.5,10270.87,9.75733,Vainosjoki 1 (S19),2,July2023
MP_4,[743,2095],[4087,11523],pp,1131,34212.8,395.9,110,1505809.875,1430.51938,Vainosjoki 1 (S19),2,July2023
MP_5,[1025,1624],[5638,8932],pp,575,17393.8,256.7,86.3,600153.188,570.1455,Vainosjoki 1 (S19),2,July2023
MP_6,[394,1154],[2167,6347],pp,122,3690.5,107.3,43.8,64670.039,61.43654,Vainosjoki 1 (S19),2,July2023
MP_7,[1133,1563],[6232,8597],pp,38,1149.5,55.5,26.4,12136.198,11.52939,Vainosjoki 1 (S19),2,July2023
MP_8,[291,1661],[1601,9136],pp,125,3781.3,131.9,36.5,55217.461,52.45659,Vainosjoki 1 (S19),2,July2023
MP_9,[732,432],[4026,2376],pp,25,756.3,55,17.5,5295.881,5.03109,Vainosjoki 1 (S19),2,July2023
MP_10,[1989,1376],[10940,7568],pp,19,574.8,35.1,20.8,4790.638,4.55111,Vainosjoki 1 (S19),2,July2023
MP_11,[1868,1505],[10274,8278],pp,36,1089,47,29.5,12851.149,12.20859,Vainosjoki 1 (S19),2,July2023
MP_12,[2214,694],[12177,3817],pp,35,1058.8,49.7,27.1,11493.498,10.91882,Vainosjoki 1 (S19),2,July2023
MP_1,[1042,224],[5731,1232],pet,32,968,68,18.1,7021.33,9.68944,Vainosjoki 1 (S19),3,July2023
MP_2,[1053,207],[5792,1139],pet,40,1210,80.6,19.1,9251.44,12.76699,Vainosjoki 1 (S19),3,July2023
MP_3,[540,1741],[2970,9576],pe,133,4023.3,89.3,57.4,92356.406,87.73859,Vainosjoki 1 (S19),3,July2023
MP_4,[608,1515],[3344,8333],pe,202,6110.5,141.3,55.1,134585.438,127.85616,Vainosjoki 1 (S19),3,July2023
MP_5,[1204,1773],[6622,9752],pe,450,13612.5,179.1,96.8,526817.875,500.47697,Vainosjoki 1 (S19),3,July2023
MP_6,[1395,1754],[7673,9647],pp,96,2904,106.2,34.8,40431.43,38.40986,Vainosjoki 1 (S19),3,July2023
MP_7,[1477,1397],[8124,7684],pp,31,937.8,51.7,23.1,8667.22,8.23386,Vainosjoki 1 (S19),3,July2023
MP_8,[1714,367],[9427,2019],pp,66,1996.5,71.6,35.5,28347.088,26.92973,Vainosjoki 1 (S19),3,July2023
MP_9,[785,1840],[4318,10120],pp,2438,73749.5,561.9,167.1,4929526.5,4683.05,Vainosjoki 1 (S19),3,July2023
MP_10,[1253,324],[6892,1782],pp,49,1482.3,65,29,17216.934,16.35609,Vainosjoki 1 (S19),3,July2023
MP_11,[1375,1418],[7563,7799],pp,79,2389.8,79.6,38.2,36542.379,34.71526,Vainosjoki 1 (S19),3,July2023
MP_12,[834,1483],[4587,8157],pan,142,4295.5,191,28.6,49211.859,58.06999,Vainosjoki 1 (S19),3,July2023
MP_1,[1452,1295],[7986,7123],pe,227,6866.8,167.9,52.1,143027.516,135.87614,Sollomusjoki (S20),1,July2023
MP_2,[1480,1324],[8140,7282],pe,193,5838.3,204,36.4,85103.672,80.84848,Sollomusjoki (S20),1,July2023
MP_3,[675,2033],[3713,11182],pp,395,11948.8,161.3,94.3,450923.75,428.37756,Sollomusjoki (S20),1,July2023
MP_4,[840,498],[4620,2739],pp,294,8893.5,147.9,76.6,272438.75,258.81681,Sollomusjoki (S20),1,July2023
MP_5,[1839,1989],[10115,10940],pp,178,5384.5,131.5,52.1,112246.914,106.63457,Sollomusjoki (S20),1,July2023
MP_6,[2077,836],[11424,4598],pp,2245,67911.3,434.8,198.9,5402240.5,5132.1285,Sollomusjoki (S20),1,July2023
MP_7,[1059,62],[5825,341],pp,216,6534,218.1,38.2,99714.539,94.72881,Sollomusjoki (S20),1,July2023
MP_8,[1106,978],[6083,5379],pp,29,877.3,39.6,28.2,9892.386,9.39777,Sollomusjoki (S20),1,July2023
MP_9,[898,118],[4939,649],pp,37,1119.3,45.5,31.3,14009.595,13.30912,Sollomusjoki (S20),1,July2023
MP_10,[230,1052],[1265,5786],pp,85,2571.3,78.4,41.8,42973.695,40.82501,Sollomusjoki (S20),1,July2023
MP_11,[995,1610],[5473,8855],pp,252,7623,152.6,63.6,193989.406,184.28994,Sollomusjoki (S20),1,July2023
MP_12,[1106,674],[6083,3707],pp,85,2571.3,67.6,48.4,49808.922,47.31848,Sollomusjoki (S20),1,July2023
MP_13,[1159,65],[6375,358],pp,114,3448.5,86.2,50.9,70273.516,66.75984,Sollomusjoki (S20),1,July2023
MP_14,[2132,810],[11726,4455],pp,48,1452,51,36.2,21051.564,19.99899,Sollomusjoki (S20),1,July2023
MP_1,[448,1245],[2464,6848],pet,8,242,28.2,10.9,1058.534,1.46078,Sollomusjoki (S20),2,July2023
MP_2,[745,1964],[4098,10802],pet,10,302.5,25.3,15.2,1839.825,2.53896,Sollomusjoki (S20),2,July2023
MP_3,[768,301],[4224,1656],pe,994,30068.5,458.9,83.4,1003461.188,953.28813,Sollomusjoki (S20),2,July2023
MP_4,[734,313],[4037,1722],pe,853,25803.3,326.5,100.6,1038470.813,986.54725,Sollomusjoki (S20),2,July2023
MP_5,[730,786],[4015,4323],pe,10298,311514.5,1268.1,312.8,38973404,37024.732,Sollomusjoki (S20),2,July2023
MP_6,[984,1070],[5412,5885],pe,128,3872,94.3,52.3,80973.781,76.92509,Sollomusjoki (S20),2,July2023
MP_7,[1000,1628],[5500,8954],pe,937,28344.3,287,125.8,1425907,1354.61163,Sollomusjoki (S20),2,July2023
MP_8,[1029,771],[5660,4241],pe,1575,47643.8,392.6,154.5,2944815.5,2797.57475,Sollomusjoki (S20),2,July2023
MP_9,[1075,1059],[5913,5825],pe,859,25984.8,494.9,66.9,694838.188,660.09625,Sollomusjoki (S20),2,July2023
MP_10,[1321,1270],[7266,6985],pe,77,2329.3,72.3,41,38219.559,36.30858,Sollomusjoki (S20),2,July2023
MP_11,[1720,1001],[9460,5506],pe,89,2692.3,79.6,43.1,46379.133,44.06018,Sollomusjoki (S20),2,July2023
MP_12,[1748,870],[9614,4785],pe,3152,95348,484.7,250.4,9551597,9074.017,Sollomusjoki (S20),2,July2023
MP_13,[1801,554],[9906,3047],pe,258,7804.5,151.2,65.7,205110.625,194.85509,Sollomusjoki (S20),2,July2023
MP_14,[1758,1435],[9669,7893],pe,61,1845.3,73,32.2,23764.646,22.57641,Sollomusjoki (S20),2,July2023
MP_15,[1662,384],[9141,2112],ps,111,3357.8,117.3,36.4,48946.637,50.9045,Sollomusjoki (S20),2,July2023
MP_16,[535,773],[2943,4252],pp,1071,32397.8,348.8,118.3,1532666,1456.03263,Sollomusjoki (S20),2,July2023
MP_17,[808,299],[4444,1645],pp,46,1391.5,55.2,32.1,17880.219,16.98621,Sollomusjoki (S20),2,July2023
MP_18,[854,1639],[4697,9015],pp,167,5051.8,114.2,56.3,113860.758,108.16772,Sollomusjoki (S20),2,July2023
MP_19,[1291,993],[7101,5462],pp,181,5475.3,124.2,56.1,122901.398,116.75633,Sollomusjoki (S20),2,July2023
MP_20,[1299,1662],[7145,9141],pp,181,5475.3,113.7,61.3,134339.766,127.62277,Sollomusjoki (S20),2,July2023
MP_21,[1399,214],[7695,1177],pp,1207,36511.8,1138.6,40.8,596301,566.48594,Sollomusjoki (S20),2,July2023
MP_22,[1415,1844],[7783,10142],pp,44,1331,49.8,34,18102.025,17.19692,Sollomusjoki (S20),2,July2023
MP_23,[1506,243],[8283,1337],pp,40,1210,67.6,22.8,11030.35,10.47883,Sollomusjoki (S20),2,July2023
MP_24,[1529,266],[8410,1463],pp,212,6413,316.8,25.8,66125.711,62.81943,Sollomusjoki (S20),2,July2023
MP_25,[2243,1255],[12337,6903],pp,63,1905.8,70.9,34.2,26082.9,24.77876,Sollomusjoki (S20),2,July2023
MP_26,[1220,445],[6710,2448],pp,87,2631.8,89.2,37.6,39553.273,37.57561,Sollomusjoki (S20),2,July2023
MP_27,[1317,1943],[7244,10687],pp,543,16425.8,231,90.5,594816.5,565.07569,Sollomusjoki (S20),2,July2023
MP_28,[559,626],[3075,3443],pp,27,816.8,39.6,26.2,8574.969,8.14622,Sollomusjoki (S20),2,July2023
MP_29,[722,542],[3971,2981],pp,426,12886.5,225.1,72.9,375690.781,356.90625,Sollomusjoki (S20),2,July2023
MP_30,[855,315],[4703,1733],pp,175,5293.8,112.5,59.9,126839.008,120.49705,Sollomusjoki (S20),2,July2023
MP_31,[1190,770],[6545,4235],pp,32,968,51.3,24,9297.578,8.8327,Sollomusjoki (S20),2,July2023
MP_32,[1678,633],[9229,3482],pp,11,332.8,28.2,15,2001.291,1.90123,Sollomusjoki (S20),2,July2023
MP_1,[199,1262],[1095,6941],pet,5,151.3,17.8,10.8,654.607,0.90336,Sollomusjoki (S20),3,July2023
MP_2,[839,1988],[4615,10934],pet,18,544.5,33.5,20.7,4501.354,6.21187,Sollomusjoki (S20),3,July2023
MP_3,[293,687],[1612,3779],pe,439,13279.8,229.2,73.8,391897.25,372.30238,Sollomusjoki (S20),3,July2023
MP_4,[807,324],[4439,1782],pp,199,6019.8,114.2,67.1,161597.125,153.51727,Sollomusjoki (S20),3,July2023
MP_5,[1053,520],[5792,2860],pp,85,2571.3,70,46.8,48122.906,45.71676,Sollomusjoki (S20),3,July2023
MP_6,[300,1314],[1650,7227],pp,112,3388,75,57.5,77957.016,74.05916,Sollomusjoki (S20),3,July2023
MP_7,[456,1581],[2508,8696],pp,25,756.3,42.4,22.7,6870.448,6.52693,Sollomusjoki (S20),3,July2023
MP_8,[487,1203],[2679,6617],pp,12,363,30.1,15.4,2229.789,2.1183,Sollomusjoki (S20),3,July2023
MP_9,[732,2028],[4026,11154],pp,63,1905.8,57.5,42.2,32150.721,30.54318,Sollomusjoki (S20),3,July2023
MP_10,[1082,286],[5951,1573],pp,7,211.8,17.8,15.1,1283.029,1.21888,Sollomusjoki (S20),3,July2023
MP_11,[1162,1731],[6391,9521],pp,38,1149.5,50.3,29.1,13366.059,12.69776,Sollomusjoki (S20),3,July2023
MP_12,[1592,1963],[8756,10797],pp,167,5051.8,100.5,64,129265.297,122.80203,Sollomusjoki (S20),3,July2023
MP_13,[1619,1877],[8905,10324],pp,49,1482.3,56.9,33.1,19650.619,18.66809,Sollomusjoki (S20),3,July2023
MP_14,[1709,844],[9400,4642],pp,63,1905.8,63.8,38,28978.922,27.52997,Sollomusjoki (S20),3,July2023
MP_15,[313,1442],[1722,7931],pp,38,1149.5,49.1,29.8,13692.095,13.00749,Sollomusjoki (S20),3,July2023
MP_16,[769,2044],[4230,11242],pp,28,847,58,18.6,6295.258,5.9805,Sollomusjoki (S20),3,July2023
MP_17,[936,1012],[5148,5566],pp,37,1119.3,43.4,32.8,14702.958,13.96781,Sollomusjoki (S20),3,July2023
MP_18,[993,1631],[5462,8971],pp,32,968,40.3,30.6,11846.142,11.25383,Sollomusjoki (S20),3,July2023
MP_19,[1014,351],[5577,1931],pp,29,877.3,38.7,28.8,10120.368,9.61435,Sollomusjoki (S20),3,July2023
MP_20,[1110,1248],[6105,6864],pp,80,2420,62.5,49.3,47704.059,45.31886,Sollomusjoki (S20),3,July2023
MP_21,[1127,543],[6199,2987],pp,31,937.8,39.6,30.1,11303.903,10.73871,Sollomusjoki (S20),3,July2023
MP_22,[1571,1018],[8641,5599],pp,31,937.8,44.8,26.7,10002.286,9.50217,Sollomusjoki (S20),3,July2023
MP_23,[1620,1745],[8910,9598],pp,115,3478.8,73.2,60.5,84247.484,80.03511,Sollomusjoki (S20),3,July2023
MP_24,[1941,1626],[10676,8943],pp,61,1845.3,58.7,40,29555.697,28.07791,Sollomusjoki (S20),3,July2023
MP_1,[469,664],[2580,3652],pet,104,3146,172.8,23.2,29165.494,40.24838,Opukasjärvi 2 (S21),1,July2023
MP_2,[2006,731],[11033,4021],pet,29,877.3,53.6,20.8,7313.256,10.09229,Opukasjärvi 2 (S21),1,July2023
MP_3,[223,1413],[1227,7772],pe,91,2752.8,72,48.7,53633.008,50.95136,Opukasjärvi 2 (S21),1,July2023
MP_4,[326,1046],[1793,5753],pe,195,5898.8,110.7,67.9,160122.188,152.11608,Opukasjärvi 2 (S21),1,July2023
MP_5,[336,959],[1848,5275],pe,254,7683.5,140,69.9,214781.172,204.04211,Opukasjärvi 2 (S21),1,July2023
MP_6,[379,1235],[2085,6793],pe,385,11646.3,259.5,57.1,266155.313,252.84755,Opukasjärvi 2 (S21),1,July2023
MP_7,[374,901],[2057,4956],pe,167,5051.8,122.6,52.5,106015.703,100.71491,Opukasjärvi 2 (S21),1,July2023
MP_8,[443,1759],[2437,9675],pe,203,6140.8,151.5,51.6,126765.633,120.42735,Opukasjärvi 2 (S21),1,July2023
MP_9,[556,595],[3058,3273],pe,93,2813.3,107.9,33.2,37366.75,35.49841,Opukasjärvi 2 (S21),1,July2023
MP_10,[609,1703],[3350,9367],pe,615,18603.8,207.9,113.9,847865.563,805.47225,Opukasjärvi 2 (S21),1,July2023
MP_11,[630,1177],[3465,6474],pe,40,1210,87.6,17.6,8511.371,8.0858,Opukasjärvi 2 (S21),1,July2023
MP_12,[680,1541],[3740,8476],pe,1622,49065.5,612.2,102,2002819.25,1902.67825,Opukasjärvi 2 (S21),1,July2023
MP_13,[844,1387],[4642,7629],pe,243,7350.8,194,48.2,141828.703,134.73727,Opukasjärvi 2 (S21),1,July2023
MP_14,[902,1340],[4961,7370],pe,210,6352.5,122.4,66.1,167875.313,159.48155,Opukasjärvi 2 (S21),1,July2023
MP_15,[968,1528],[5324,8404],pe,196,5929,137,55.1,130683.813,124.14962,Opukasjärvi 2 (S21),1,July2023
MP_16,[1083,1134],[5957,6237],pe,305,9226.3,131.8,89.1,328976.813,312.52797,Opukasjärvi 2 (S21),1,July2023
MP_17,[1094,215],[6017,1183],pe,246,7441.5,165.3,57.3,170609.109,162.07866,Opukasjärvi 2 (S21),1,July2023
MP_18,[1242,198],[6831,1089],pe,51,1542.8,67,29.3,18094.191,17.18948,Opukasjärvi 2 (S21),1,July2023
MP_19,[1268,199],[6974,1095],pe,14,423.5,37.6,14.4,2431.269,2.30971,Opukasjärvi 2 (S21),1,July2023
MP_20,[1351,2171],[7431,11941],pe,42,1270.5,60.2,26.9,13650.63,12.9681,Opukasjärvi 2 (S21),1,July2023
MP_21,[1406,1117],[7733,6144],pe,771,23322.8,350.8,84.7,789728.938,750.2425,Opukasjärvi 2 (S21),1,July2023
MP_22,[1527,563],[8399,3097],pe,632,19118,229.8,105.9,809914.063,769.41838,Opukasjärvi 2 (S21),1,July2023
MP_23,[1538,1382],[8459,7601],pe,105,3176.3,91.3,44.3,56279.715,53.46573,Opukasjärvi 2 (S21),1,July2023
MP_24,[1634,435],[8987,2393],pe,1651,49942.8,510.1,124.7,2490387.5,2365.868,Opukasjärvi 2 (S21),1,July2023
MP_25,[1712,1608],[9416,8844],pe,251,7592.8,149.1,64.8,196950.453,187.10292,Opukasjärvi 2 (S21),1,July2023
MP_26,[1950,943],[10725,5187],pe,334,10103.5,151.7,84.8,342638.219,325.50631,Opukasjärvi 2 (S21),1,July2023
MP_27,[1194,1708],[6567,9394],pe,343,10375.8,210.4,62.8,260571.047,247.54248,Opukasjärvi 2 (S21),1,July2023
MP_28,[1211,386],[6661,2123],pe,311,9407.8,200.5,59.8,224864.344,213.62113,Opukasjärvi 2 (S21),1,July2023
MP_29,[1685,1368],[9268,7524],ps,89,2692.3,91.7,37.4,40268.027,41.87875,Opukasjärvi 2 (S21),1,July2023
MP_30,[1227,1773],[6749,9752],abs,83,2510.8,77.5,41.2,41412.219,44.31108,Opukasjärvi 2 (S21),1,July2023
MP_31,[220,721],[1210,3966],pp,93,2813.3,130.1,27.5,30989.508,29.44003,Opukasjärvi 2 (S21),1,July2023
MP_32,[629,812],[3460,4466],pp,1192,36058,348.8,131.6,1898398.125,1803.47825,Opukasjärvi 2 (S21),1,July2023
MP_33,[669,251],[3680,1381],pp,83,2510.8,78.3,40.9,41028.785,38.97734,Opukasjärvi 2 (S21),1,July2023
MP_34,[945,1160],[5198,6380],pp,38,1149.5,73.5,19.9,9152.728,8.69509,Opukasjärvi 2 (S21),1,July2023
MP_35,[946,1916],[5203,10538],pp,36,1089,68.3,20.3,8841.02,8.39897,Opukasjärvi 2 (S21),1,July2023
MP_36,[1185,1981],[6518,10896],pp,4717,142689.3,633,287,16382249,15563.136,Opukasjärvi 2 (S21),1,July2023
MP_37,[1254,2232],[6897,12276],pp,26,786.5,40.7,24.6,7737.307,7.35044,Opukasjärvi 2 (S21),1,July2023
MP_38,[1625,910],[8938,5005],pp,1249,37782.3,315.3,152.6,2305996,2190.69625,Opukasjärvi 2 (S21),1,July2023
MP_39,[1634,864],[8987,4752],pp,76,2299,82.3,35.6,32716.289,31.08047,Opukasjärvi 2 (S21),1,July2023
MP_40,[1836,809],[10098,4450],pp,4296,129954,684,241.9,12574530,11945.803,Opukasjärvi 2 (S21),1,July2023
MP_41,[451,653],[2481,3592],pp,44,1331,49.1,34.5,18357.27,17.43941,Opukasjärvi 2 (S21),1,July2023
MP_42,[451,557],[2481,3064],pp,12,363,25.3,18.2,2649.349,2.51688,Opukasjärvi 2 (S21),1,July2023
MP_43,[577,529],[3174,2910],pp,13,393.3,25.3,19.8,3109.305,2.95384,Opukasjärvi 2 (S21),1,July2023
MP_44,[754,672],[4147,3696],pp,45,1361.3,53.8,32.2,17556.668,16.67883,Opukasjärvi 2 (S21),1,July2023
MP_45,[804,579],[4422,3185],pp,126,3811.5,81.8,59.3,90413.813,85.89312,Opukasjärvi 2 (S21),1,July2023
MP_46,[852,1761],[4686,9686],pp,60,1815,73.2,31.6,22924.334,21.77812,Opukasjärvi 2 (S21),1,July2023
MP_47,[1134,559],[6237,3075],pp,74,2238.5,81.8,34.8,31200.244,29.64023,Opukasjärvi 2 (S21),1,July2023
MP_48,[1374,547],[7557,3009],pp,66,1996.5,68.9,36.9,29453.143,27.98048,Opukasjärvi 2 (S21),1,July2023
MP_49,[251,1785],[1381,9818],pp,212,6413,162.7,50.2,128759.984,122.32198,Opukasjärvi 2 (S21),1,July2023
MP_50,[324,787],[1782,4329],pp,20,605,37.6,20.5,4961.774,4.71369,Opukasjärvi 2 (S21),1,July2023
MP_51,[636,1041],[3498,5726],pp,71,2147.8,66.6,41,35263.754,33.50057,Opukasjärvi 2 (S21),1,July2023
MP_52,[968,1073],[5324,5902],pp,54,1633.5,63.8,32.6,21290.639,20.22611,Opukasjärvi 2 (S21),1,July2023
MP_53,[695,478],[3823,2629],pp,74,2238.5,62.5,45.6,40816.785,38.77595,Opukasjärvi 2 (S21),1,July2023
MP_54,[1427,1859],[7849,10225],pp,93,2813.3,73.5,48.7,54821.293,52.08023,Opukasjärvi 2 (S21),1,July2023
MP_55,[1905,1496],[10478,8228],pp,37,1119.3,44.8,31.8,14248.834,13.53639,Opukasjärvi 2 (S21),1,July2023
MP_1,[616,1466],[3388,8063],pe,541,16365.3,250.5,83.2,544411.875,517.19128,Opukasjärvi 2 (S21),2,July2023
MP_2,[625,1128],[3438,6204],pe,374,11313.5,243.8,59.1,267393.188,254.02353,Opukasjärvi 2 (S21),2,July2023
MP_3,[682,1447],[3751,7959],pe,326,9861.5,225.4,55.7,219742.188,208.75508,Opukasjärvi 2 (S21),2,July2023
MP_4,[842,1392],[4631,7656],pe,220,6655,122.3,69.3,184365.234,175.14697,Opukasjärvi 2 (S21),2,July2023
MP_5,[876,1513],[4818,8322],pe,79,2389.8,89.2,34.1,32620.979,30.98993,Opukasjärvi 2 (S21),2,July2023
MP_6,[1294,994],[7117,5467],pe,242,7320.5,127.7,73,213726.266,203.03995,Opukasjärvi 2 (S21),2,July2023
MP_7,[1328,481],[7304,2646],pe,137,4144.3,108.2,48.7,80810.281,76.76977,Opukasjärvi 2 (S21),2,July2023
MP_8,[1567,356],[8619,1958],pe,47,1421.8,55.3,32.7,18614.662,17.68393,Opukasjärvi 2 (S21),2,July2023
MP_9,[1187,1162],[6529,6391],pe,190,5747.5,142.7,51.3,117871.758,111.97817,Opukasjärvi 2 (S21),2,July2023
MP_10,[580,1308],[3190,7194],abs,203,6140.8,107.4,72.8,178884.438,191.40636,Opukasjärvi 2 (S21),2,July2023
MP_11,[310,882],[1705,4851],pp,337,10194.3,197.8,65.6,267590.156,254.21064,Opukasjärvi 2 (S21),2,July2023
MP_12,[440,1570],[2420,8635],pp,674,20388.5,288.3,90.1,734453.625,697.73094,Opukasjärvi 2 (S21),2,July2023
MP_13,[528,714],[2904,3927],pp,1062,32125.5,246.5,166,2132501.75,2025.87663,Opukasjärvi 2 (S21),2,July2023
MP_14,[616,1229],[3388,6760],pp,334,10103.5,156.7,82.1,331680.5,315.09647,Opukasjärvi 2 (S21),2,July2023
MP_15,[618,1868],[3399,10274],pp,209,6322.3,161.4,49.9,126163.203,119.85504,Opukasjärvi 2 (S21),2,July2023
MP_16,[705,1893],[3878,10412],pp,5562,168250.5,622.1,344.3,23173542,22014.864,Opukasjärvi 2 (S21),2,July2023
MP_17,[808,455],[4444,2503],pp,4008,121242,886.3,174.2,8447004,8024.6535,Opukasjärvi 2 (S21),2,July2023
MP_18,[781,667],[4296,3669],pp,399,12069.8,173.1,88.8,428494.719,407.06997,Opukasjärvi 2 (S21),2,July2023
MP_19,[875,572],[4813,3146],pp,1705,51576.3,371.9,176.6,3643067,3460.9135,Opukasjärvi 2 (S21),2,July2023
MP_20,[967,593],[5319,3262],pp,101,3055.3,103.4,37.6,45969.797,43.6713,Opukasjärvi 2 (S21),2,July2023
MP_21,[1231,2114],[6771,11627],pp,1650,49912.5,304.9,208.5,4161893.25,3953.7985,Opukasjärvi 2 (S21),2,July2023
MP_22,[1251,1226],[6881,6743],pp,531,16062.8,200.5,102,655526.75,622.75038,Opukasjärvi 2 (S21),2,July2023
MP_23,[1274,693],[7007,3812],pp,1701,51455.3,429,152.7,3143403.25,2986.233,Opukasjärvi 2 (S21),2,July2023
MP_24,[1348,1114],[7414,6127],pp,2084,63041,407.1,197.2,4972045.5,4723.443,Opukasjärvi 2 (S21),2,July2023
MP_25,[1380,1164],[7590,6402],pp,662,20025.5,327.6,77.8,623451.625,592.27906,Opukasjärvi 2 (S21),2,July2023
MP_26,[1418,769],[7799,4230],pp,1992,60258,395.4,194.1,4677438.5,4443.5665,Opukasjärvi 2 (S21),2,July2023
MP_27,[1509,1614],[8300,8877],pp,1313,39718.3,340.1,148.7,2362210.25,2244.09975,Opukasjärvi 2 (S21),2,July2023
MP_28,[1742,2044],[9581,11242],pp,159,4809.8,126.3,48.5,93297.922,88.63302,Opukasjärvi 2 (S21),2,July2023
MP_29,[1858,1764],[10219,9702],pp,7348,222277,1110.2,254.9,22664508,21531.282,Opukasjärvi 2 (S21),2,July2023
MP_30,[474,1016],[2607,5588],pp,472,14278,253.1,71.8,410285.969,389.77166,Opukasjärvi 2 (S21),2,July2023
MP_31,[596,1881],[3278,10346],pp,386,11676.5,247.3,60.1,280736.844,266.7,Opukasjärvi 2 (S21),2,July2023
MP_32,[748,1626],[4114,8943],pp,347,10496.8,141.1,94.7,397736.219,377.84941,Opukasjärvi 2 (S21),2,July2023
MP_33,[1071,116],[5891,638],pp,213,6443.3,135.5,60.6,156091.219,148.28666,Opukasjärvi 2 (S21),2,July2023
MP_34,[1135,1086],[6243,5973],pp,59,1784.8,69,32.9,23496.697,22.32186,Opukasjärvi 2 (S21),2,July2023
MP_35,[1461,1103],[8036,6067],pp,133,4023.3,154.2,33.2,53460.125,50.78712,Opukasjärvi 2 (S21),2,July2023
MP_36,[238,908],[1309,4994],pp,35,1058.8,68.3,19.7,8356.674,7.93884,Opukasjärvi 2 (S21),2,July2023
MP_37,[619,1847],[3405,10159],pp,56,1694,77.5,27.8,18851.605,17.90903,Opukasjärvi 2 (S21),2,July2023
MP_38,[716,931],[3938,5121],pp,20,605,30.1,25.6,6193.859,5.88417,Opukasjärvi 2 (S21),2,July2023
MP_39,[778,2045],[4279,11248],pp,29,877.3,51.7,21.6,7584.945,7.2057,Opukasjärvi 2 (S21),2,July2023
MP_40,[1076,143],[5918,787],pp,103,3115.8,86.5,45.9,57147.039,54.28969,Opukasjärvi 2 (S21),2,July2023
MP_41,[663,771],[3647,4241],pp,19,574.8,33.5,21.8,5015.398,4.76463,Opukasjärvi 2 (S21),2,July2023
MP_1,[1000,1512],[5500,8316],pet,104,3146,110.2,36.3,45724.16,63.09934,Opukasjärvi 2 (S21),3,July2023
MP_2,[1349,2090],[7420,11495],pet,57,1724.3,104.9,20.9,14436.9,19.92292,Opukasjärvi 2 (S21),3,July2023
MP_3,[292,1233],[1606,6782],pe,4754,143808.5,584.3,313.4,18025364,17124.096,Opukasjärvi 2 (S21),3,July2023
MP_4,[748,660],[4114,3630],pe,99,2994.8,108.7,35.1,42002.711,39.90257,Opukasjärvi 2 (S21),3,July2023
MP_5,[847,1562],[4659,8591],pe,1056,31944,263.5,154.3,1972161.75,1873.55363,Opukasjärvi 2 (S21),3,July2023
MP_6,[931,592],[5121,3256],pe,312,9438,299.8,40.1,151301.719,143.73663,Opukasjärvi 2 (S21),3,July2023
MP_7,[949,2132],[5220,11726],pe,249,7532.3,123.8,77.5,233475.438,221.80166,Opukasjärvi 2 (S21),3,July2023
MP_8,[980,1263],[5390,6947],pe,251,7592.8,135,71.6,217470.875,206.59733,Opukasjärvi 2 (S21),3,July2023
MP_9,[1035,1859],[5693,10225],pe,256,7744,123.3,79.9,247643.906,235.2617,Opukasjärvi 2 (S21),3,July2023
MP_10,[1072,1112],[5896,6116],pe,38,1149.5,50.3,29.1,13366.059,12.69776,Opukasjärvi 2 (S21),3,July2023
MP_11,[1420,748],[7810,4114],pe,81,2450.3,97,32.2,31537.814,29.96092,Opukasjärvi 2 (S21),3,July2023
MP_12,[1753,826],[9642,4543],pe,94,2843.5,107.4,33.7,38355.906,36.43811,Opukasjärvi 2 (S21),3,July2023
MP_13,[1821,893],[10016,4912],pe,527,15941.8,193.9,104.7,667358.5,633.99056,Opukasjärvi 2 (S21),3,July2023
MP_14,[1813,1165],[9972,6408],pe,140,4235,88.4,61,103369.977,98.20148,Opukasjärvi 2 (S21),3,July2023
MP_15,[1913,1238],[10522,6809],pe,451,13642.8,249,69.8,380707.625,361.67225,Opukasjärvi 2 (S21),3,July2023
MP_16,[359,1732],[1975,9526],pe,206,6231.5,136.2,58.2,145182.703,137.92356,Opukasjärvi 2 (S21),3,July2023
MP_17,[1695,933],[9323,5132],ps,285,8621.3,163.6,67.1,231324.609,240.57758,Opukasjärvi 2 (S21),3,July2023
MP_18,[659,1925],[3625,10588],pp,499,15094.8,211.6,90.8,548475.625,521.05184,Opukasjärvi 2 (S21),3,July2023
MP_19,[1309,361],[7200,1986],pp,74,2238.5,116.1,24.5,21977.611,20.87873,Opukasjärvi 2 (S21),3,July2023
MP_20,[392,926],[2156,5093],pp,106,3206.5,79.7,51.2,65703.203,62.41804,Opukasjärvi 2 (S21),3,July2023
MP_21,[693,1383],[3812,7607],pp,70,2117.5,91.7,29.4,24910.154,23.66465,Opukasjärvi 2 (S21),3,July2023
MP_22,[1024,283],[5632,1557],pp,161,4870.3,107.4,57.8,112524.234,106.89802,Opukasjärvi 2 (S21),3,July2023
MP_23,[1294,365],[7117,2008],pp,55,1663.8,69,30.7,20418.707,19.39777,Opukasjärvi 2 (S21),3,July2023
MP_24,[1374,1404],[7557,7722],pp,450,13612.5,227.8,76.1,414359.063,393.64109,Opukasjärvi 2 (S21),3,July2023
MP_25,[1945,656],[10698,3608],pp,24,726,65,14.2,4130.343,3.92383,Opukasjärvi 2 (S21),3,July2023
MP_26,[2031,930],[11171,5115],pp,122,3690.5,95.1,49.4,72906.664,69.26133,Opukasjärvi 2 (S21),3,July2023
MP_27,[322,459],[1771,2525],pp,165,4991.3,105.9,60,119796.539,113.80671,Opukasjärvi 2 (S21),3,July2023
MP_28,[665,361],[3658,1986],pp,150,4537.5,134.9,42.8,77723.414,73.83724,Opukasjärvi 2 (S21),3,July2023
MP_29,[1027,819],[5649,4505],pp,29,877.3,72,15.5,5441.489,5.16941,Opukasjärvi 2 (S21),3,July2023
MP_30,[1266,646],[6963,3553],pp,93,2813.3,121.1,29.6,33295.512,31.63074,Opukasjärvi 2 (S21),3,July2023
MP_31,[2248,1128],[12364,6204],pp,54,1633.5,66,31.5,20592.965,19.56332,Opukasjärvi 2 (S21),3,July2023
MP_1,[160,875],[880,4813],pet,13,393.3,28.2,17.8,2795.192,3.85736,Opukasjärvi 1 (S22),1,July2023
MP_2,[374,1147],[2057,6309],pe,255,7713.8,194.1,50.6,156120.344,148.31433,Opukasjärvi 1 (S22),1,July2023
MP_3,[392,1148],[2156,6314],pe,82,2480.5,91.2,34.6,34346.566,32.62924,Opukasjärvi 1 (S22),1,July2023
MP_4,[514,1463],[2827,8047],pe,110,3327.5,90.6,46.7,62212.504,59.10188,Opukasjärvi 1 (S22),1,July2023
MP_5,[539,1971],[2965,10841],pe,92,2783,78.4,45.2,50338.602,47.82167,Opukasjärvi 1 (S22),1,July2023
MP_6,[920,1393],[5060,7662],pe,164,4961,113.9,55.4,110027.594,104.52621,Opukasjärvi 1 (S22),1,July2023
MP_7,[957,689],[5264,3790],pe,116,3509,91.1,49,68829.086,65.38763,Opukasjärvi 1 (S22),1,July2023
MP_8,[1093,1138],[6012,6259],pe,292,8833,151.9,74.1,261655.359,248.57259,Opukasjärvi 1 (S22),1,July2023
MP_9,[1118,978],[6149,5379],pe,76,2299,85.8,34.1,31389.549,29.82007,Opukasjärvi 1 (S22),1,July2023
MP_10,[1239,1095],[6815,6023],pe,66,1996.5,76,33.4,26698.994,25.36404,Opukasjärvi 1 (S22),1,July2023
MP_11,[1270,889],[6985,4890],pe,197,5959.3,110.5,68.6,163640.328,155.45831,Opukasjärvi 1 (S22),1,July2023
MP_12,[1354,1444],[7447,7942],pe,92,2783,76,46.6,51877.934,49.28404,Opukasjärvi 1 (S22),1,July2023
MP_13,[1407,1463],[7739,8047],pe,153,4628.3,112.3,52.5,97124.172,92.26796,Opukasjärvi 1 (S22),1,July2023
MP_14,[1652,340],[9086,1870],pe,199,6019.8,116.2,66,158847.688,150.9053,Opukasjärvi 1 (S22),1,July2023
MP_15,[1726,722],[9493,3971],pe,63,1905.8,78.4,31,23605.143,22.42488,Opukasjärvi 1 (S22),1,July2023
MP_16,[1839,1603],[10115,8817],pe,577,17454.3,175.3,126.8,885184.688,840.92544,Opukasjärvi 1 (S22),1,July2023
MP_17,[2006,841],[11033,4626],pe,376,11374,239,60.6,275670,261.8865,Opukasjärvi 1 (S22),1,July2023
MP_18,[2056,1269],[11308,6980],pe,344,10406,247.2,53.6,223139.672,211.98269,Opukasjärvi 1 (S22),1,July2023
MP_19,[402,458],[2211,2519],ps,44,1331,46.5,36.5,19418.363,20.1951,Opukasjärvi 1 (S22),1,July2023
MP_20,[298,889],[1639,4890],ps,190,5747.5,128.7,56.9,130702.305,135.93039,Opukasjärvi 1 (S22),1,July2023
MP_21,[1540,1058],[8470,5819],ps,37,1119.3,52.5,27.1,12154.586,12.64077,Opukasjärvi 1 (S22),1,July2023
MP_22,[1580,1274],[8690,7007],ps,89,2692.3,68.2,50.3,54119.664,56.28445,Opukasjärvi 1 (S22),1,July2023
MP_23,[1872,396],[10296,2178],ps,102,3085.5,69.8,56.3,69467.563,72.24627,Opukasjärvi 1 (S22),1,July2023
MP_24,[485,1529],[2668,8410],abs,180,5445,156.7,44.2,96355.094,103.09995,Opukasjärvi 1 (S22),1,July2023
MP_25,[1331,125],[7321,688],abs,1457,44074.3,374.1,150,2644418.25,2829.52775,Opukasjärvi 1 (S22),1,July2023
MP_26,[1991,1839],[10951,10115],abs,499,15094.8,207.5,92.6,559236.875,598.3835,Opukasjärvi 1 (S22),1,July2023
MP_27,[506,488],[2783,2684],pp,2299,69544.8,450.6,196.5,5467038.5,5193.6865,Opukasjärvi 1 (S22),1,July2023
MP_28,[645,1743],[3548,9587],pp,231,6987.8,154.1,57.7,161379.563,153.31058,Opukasjärvi 1 (S22),1,July2023
MP_29,[674,659],[3707,3625],pp,165,4991.3,154.1,41.2,82336.508,78.21968,Opukasjärvi 1 (S22),1,July2023
MP_30,[2087,778],[11479,4279],pp,736,22264,298.9,94.9,844711.813,802.47619,Opukasjärvi 1 (S22),1,July2023
MP_31,[507,740],[2789,4070],pp,4,121,16.5,9.3,451.915,0.42932,Opukasjärvi 1 (S22),1,July2023
MP_32,[601,450],[3306,2475],pp,40,1210,67.6,22.8,11030.35,10.47883,Opukasjärvi 1 (S22),1,July2023
MP_33,[614,447],[3377,2459],pp,10,302.5,22.9,16.8,2035.763,1.93397,Opukasjärvi 1 (S22),1,July2023
MP_34,[767,1094],[4219,6017],pp,104,3146,106.4,37.7,47380.512,45.01148,Opukasjärvi 1 (S22),1,July2023
MP_35,[1008,1405],[5544,7728],pp,150,4537.5,160.9,35.9,65170.566,61.91204,Opukasjärvi 1 (S22),1,July2023
MP_36,[1181,461],[6496,2536],pp,301,9105.3,189.8,61.1,222502.688,211.37755,Opukasjärvi 1 (S22),1,July2023
MP_37,[1348,1890],[7414,10395],pp,1416,42834,501.1,108.8,1864875.75,1771.632,Opukasjärvi 1 (S22),1,July2023
MP_38,[1997,1704],[10984,9372],pp,471,14247.8,244.2,74.3,423445.844,402.27353,Opukasjärvi 1 (S22),1,July2023
MP_39,[952,834],[5236,4587],pp,262,7925.5,168.8,59.8,189552.5,180.07488,Opukasjärvi 1 (S22),1,July2023
MP_40,[1017,2214],[5594,12177],pp,60,1815,64.9,35.6,25865.346,24.57208,Opukasjärvi 1 (S22),1,July2023
MP_41,[1122,508],[6171,2794],pp,28,847,39.6,27.2,9221.916,8.76082,Opukasjärvi 1 (S22),1,July2023
MP_42,[1832,1054],[10076,5797],pp,311,9407.8,147.7,81.1,305191.688,289.93209,Opukasjärvi 1 (S22),1,July2023
MP_43,[1863,1732],[10247,9526],pp,490,14822.5,426.2,44.3,262550.875,249.42333,Opukasjärvi 1 (S22),1,July2023
MP_44,[2020,1506],[11110,8283],pp,12,363,28.2,16.4,2381.702,2.26262,Opukasjärvi 1 (S22),1,July2023
MP_45,[602,1654],[3311,9097],pp,20,605,36.6,21,5091.54,4.83696,Opukasjärvi 1 (S22),1,July2023
MP_1,[876,473],[4818,2602],pa,14,423.5,33.5,16.1,2723.042,3.10427,Opukasjärvi 1 (S22),2,July2023
MP_2,[394,1247],[2167,6859],pet,79,2389.8,119.6,25.4,24315.973,33.55604,Opukasjärvi 1 (S22),2,July2023
MP_3,[1316,1350],[7238,7425],pet,12,363,22.9,20.2,2931.498,4.04547,Opukasjärvi 1 (S22),2,July2023
MP_4,[2015,1517],[11083,8344],pet,32,968,68.3,18,6985.498,9.63999,Opukasjärvi 1 (S22),2,July2023
MP_5,[264,1797],[1452,9884],pe,49,1482.3,50.9,37.1,22003.236,20.90307,Opukasjärvi 1 (S22),2,July2023
MP_6,[318,1908],[1749,10494],pe,19,574.8,38.5,19,4369.858,4.15137,Opukasjärvi 1 (S22),2,July2023
MP_7,[489,1551],[2690,8531],pe,140,4235,178.8,30.2,51075.023,48.52127,Opukasjärvi 1 (S22),2,July2023
MP_8,[518,1665],[2849,9158],pe,3061,92595.3,689.3,171,6335326.5,6018.56,Opukasjärvi 1 (S22),2,July2023
MP_9,[543,892],[2987,4906],pe,96,2904,130.1,28.4,33021.082,31.37003,Opukasjärvi 1 (S22),2,July2023
MP_10,[545,909],[2998,5000],pe,83,2510.8,104,30.7,30859.027,29.31608,Opukasjärvi 1 (S22),2,July2023
MP_11,[729,1700],[4010,9350],pe,1270,38417.5,437.5,111.8,1718160.5,1632.2525,Opukasjärvi 1 (S22),2,July2023
MP_12,[948,563],[5214,3097],pe,345,10436.3,139.6,95.2,397435.656,377.56388,Opukasjärvi 1 (S22),2,July2023
MP_13,[1493,2024],[8212,11132],pe,397,12009.3,316.4,48.3,232177.438,220.56856,Opukasjärvi 1 (S22),2,July2023
MP_14,[1571,1495],[8641,8223],pe,110,3327.5,76.2,55.6,73987.414,70.28804,Opukasjärvi 1 (S22),2,July2023
MP_15,[2019,1443],[11105,7937],pe,348,10527,164.3,81.6,343495.344,326.32056,Opukasjärvi 1 (S22),2,July2023
MP_16,[782,1973],[4301,10852],pe,207,6261.8,142.8,55.8,139826.766,132.83542,Opukasjärvi 1 (S22),2,July2023
MP_17,[1074,59],[5907,325],ps,177,5354.3,117.3,58.1,124505.383,129.48559,Opukasjärvi 1 (S22),2,July2023
MP_18,[1966,1488],[10813,8184],ps,167,5051.8,121.6,52.9,106922.391,111.19928,Opukasjärvi 1 (S22),2,July2023
MP_19,[391,1879],[2151,10335],abs,131,3962.8,100.2,50.4,79837.922,85.42658,Opukasjärvi 1 (S22),2,July2023
MP_20,[732,2279],[4026,12535],abs,432,13068,196.6,84.6,442433.969,473.40438,Opukasjärvi 1 (S22),2,July2023
MP_21,[364,582],[2002,3201],pp,74,2238.5,102.3,27.9,24956.982,23.70913,Opukasjärvi 1 (S22),2,July2023
MP_22,[636,858],[3498,4719],pp,37,1119.3,50.3,28.3,12671.84,12.03825,Opukasjärvi 1 (S22),2,July2023
MP_23,[355,560],[1953,3080],pp,237,7169.3,131.8,69.2,198569.281,188.64081,Opukasjärvi 1 (S22),2,July2023
MP_24,[384,1184],[2112,6512],pp,177,5354.3,123.2,55.3,118507.133,112.58177,Opukasjärvi 1 (S22),2,July2023
MP_25,[1238,387],[6809,2129],pp,578,17484.5,240.7,92.5,646805.063,614.46481,Opukasjärvi 1 (S22),2,July2023
MP_26,[1366,403],[7513,2217],pp,122,3690.5,92.8,50.6,74745.063,71.0078,Opukasjärvi 1 (S22),2,July2023
MP_27,[1587,396],[8729,2178],pp,83,2510.8,105.6,30.3,30414.4,28.89368,Opukasjärvi 1 (S22),2,July2023
MP_28,[1705,474],[9378,2607],pp,28,847,44.2,24.4,8267.221,7.85386,Opukasjärvi 1 (S22),2,July2023
MP_29,[1834,478],[10087,2629],pp,261,7895.3,166.2,60.5,191020.969,181.46992,Opukasjärvi 1 (S22),2,July2023
MP_30,[2011,1299],[11061,7145],pp,315,9528.8,124.5,97.4,371386.875,352.81753,Opukasjärvi 1 (S22),2,July2023
MP_31,[1356,1737],[7458,9554],pp,51,1542.8,57.5,34.1,21069.293,20.01583,Opukasjärvi 1 (S22),2,July2023
MP_32,[1975,492],[10863,2706],pp,278,8409.5,120.9,88.6,298009.656,283.10916,Opukasjärvi 1 (S22),2,July2023
MP_1,[241,1633],[1326,8982],pe,1619,48974.8,337.3,184.9,3621324.25,3440.258,Opukasjärvi 1 (S22),3,July2023
MP_2,[238,1573],[1309,8652],pe,273,8258.3,205.1,51.3,169307.531,160.84216,Opukasjärvi 1 (S22),3,July2023
MP_3,[456,1292],[2508,7106],pe,433,13098.3,282,59.1,309885.656,294.39138,Opukasjärvi 1 (S22),3,July2023
MP_4,[446,1095],[2453,6023],pe,44,1331,60.1,28.2,15016.366,14.26555,Opukasjärvi 1 (S22),3,July2023
MP_5,[1499,1002],[8245,5511],pe,78,2359.5,112.9,26.6,25108.619,23.85319,Opukasjärvi 1 (S22),3,July2023
MP_6,[1500,989],[8250,5440],pe,66,1996.5,83.3,30.5,24375.803,23.15701,Opukasjärvi 1 (S22),3,July2023
MP_7,[835,368],[4593,2024],ps,98,2964.5,104.9,36,42675.285,44.3823,Opukasjärvi 1 (S22),3,July2023
MP_8,[558,1358],[3069,7469],pp,2482,75080.5,653.5,146.3,4392859.5,4173.2165,Opukasjärvi 1 (S22),3,July2023
MP_9,[663,1909],[3647,10500],pp,78,2359.5,67.6,44.4,41942.902,39.84576,Opukasjärvi 1 (S22),3,July2023
MP_10,[804,917],[4422,5044],pp,201,6080.3,130.4,59.4,144419.531,137.19855,Opukasjärvi 1 (S22),3,July2023
MP_11,[1442,1954],[7931,10747],pp,1330,40232.5,299.3,171.2,2754710.75,2616.97525,Opukasjärvi 1 (S22),3,July2023
MP_12,[1624,1847],[8932,10159],pp,228,6897,133.5,65.8,181470.266,172.39675,Opukasjärvi 1 (S22),3,July2023
MP_13,[467,1952],[2569,10736],pan,132,3993,291.9,17.4,27820.207,32.82784,Opukasjärvi 1 (S22),3,July2023
MP_1,[927,353],[5099,1942],pet,54,1633.5,87.3,23.8,15573.146,21.49094,Kolttaköngäs (S23),1,July2023
MP_2,[1770,1710],[9735,9405],abs,179,5414.8,147.6,46.7,101158.984,108.24012,Kolttaköngäs (S23),1,July2023
MP_3,[430,1623],[2365,8927],pp,120,3630,84.7,54.6,79238.977,75.27702,Kolttaköngäs (S23),1,July2023
MP_4,[480,1780],[2640,9790],pp,446,13491.5,180.5,95.2,513622.906,487.94175,Kolttaköngäs (S23),1,July2023
MP_5,[1055,990],[5803,5445],pp,241,7290.3,144.2,64.4,187710.266,178.32475,Kolttaköngäs (S23),1,July2023
MP_6,[1160,1198],[6380,6589],pp,158,4779.5,123.5,49.3,94233.797,89.52211,Kolttaköngäs (S23),1,July2023
MP_7,[1440,1068],[7920,5874],pp,388,11737,139.5,107.2,503087.875,477.93347,Kolttaköngäs (S23),1,July2023
MP_8,[749,1441],[4120,7926],pp,76,2299,68.2,42.9,39464.105,37.4909,Kolttaköngäs (S23),1,July2023
MP_9,[1590,1464],[8745,8052],pp,80,2420,72.6,42.4,41062.805,39.00966,Kolttaköngäs (S23),1,July2023
MP_10,[1857,628],[10214,3454],pp,517,15639.3,207.3,96,600850.188,570.80769,Kolttaköngäs (S23),1,July2023
MP_11,[765,804],[4208,4422],pp,193,5838.3,107.4,69.2,161694.438,153.60972,Kolttaköngäs (S23),1,July2023
MP_12,[1348,546],[7414,3003],pp,48,1452,51.7,35.8,20779.682,19.7407,Kolttaköngäs (S23),1,July2023
MP_1,[457,1630],[2514,8965],pe,58,1754.5,84.5,26.4,18545.559,17.61828,Kolttaköngäs (S23),2,July2023
MP_2,[1894,1741],[10417,9576],pe,827,25016.8,341.5,93.3,933360.688,886.69263,Kolttaköngäs (S23),2,July2023
MP_3,[2277,1359],[12524,7475],pe,47,1421.8,84.2,21.5,12219.598,11.60862,Kolttaköngäs (S23),2,July2023
MP_4,[1391,1989],[7651,10940],ps,201,6080.3,174.7,44.3,107780.766,112.09199,Kolttaköngäs (S23),2,July2023
MP_5,[1984,1802],[10912,9911],ps,135,4083.8,133.5,39,63638.328,66.18386,Kolttaköngäs (S23),2,July2023
MP_6,[452,1340],[2486,7370],abs,682,20630.5,197.5,133,1097291.5,1174.102,Kolttaköngäs (S23),2,July2023
MP_7,[828,1333],[4554,7332],abs,56,1694,60.8,35.5,24047.885,25.73124,Kolttaköngäs (S23),2,July2023
MP_8,[1043,2079],[5737,11435],abs,312,9438,128.3,93.6,353517.688,378.26394,Kolttaköngäs (S23),2,July2023
MP_9,[1454,796],[7997,4378],abs,96,2904,79.8,46.3,53822.641,57.59023,Kolttaköngäs (S23),2,July2023
MP_10,[1784,1194],[9812,6567],abs,263,7955.8,145.4,69.7,221664.266,237.18078,Kolttaköngäs (S23),2,July2023
MP_11,[1014,1987],[5577,10929],abs,1214,36723.5,309.8,150.9,2216836.5,2372.01525,Kolttaköngäs (S23),2,July2023
MP_12,[1144,1957],[6292,10764],abs,53,1603.3,55.5,36.8,23608.434,25.26103,Kolttaköngäs (S23),2,July2023
MP_13,[774,683],[4257,3757],pp,374,11313.5,181.8,79.2,358611.25,340.68069,Kolttaköngäs (S23),2,July2023
MP_14,[882,1608],[4851,8844],pp,113,3418.3,105.2,41.4,56561.93,53.73383,Kolttaköngäs (S23),2,July2023
MP_15,[1357,1117],[7464,6144],pp,93,2813.3,91.7,39.1,43968.969,41.77052,Kolttaköngäs (S23),2,July2023
MP_16,[448,1625],[2464,8938],pp,85,2571.3,75.7,43.2,44468.656,42.24522,Kolttaköngäs (S23),2,July2023
MP_17,[568,938],[3124,5159],pp,53,1603.3,80.6,25.3,16242.061,15.42996,Kolttaköngäs (S23),2,July2023
MP_18,[1029,909],[5660,5000],pp,58,1754.5,58.9,37.9,26597.531,25.26765,Kolttaköngäs (S23),2,July2023
MP_19,[1233,1107],[6782,6089],pp,89,2692.3,83,41.3,44481.621,42.25754,Kolttaköngäs (S23),2,July2023
MP_20,[1465,2137],[8058,11754],pp,234,7078.5,130.7,69,195277.453,185.51358,Kolttaköngäs (S23),2,July2023
MP_21,[2286,1359],[12573,7475],pp,334,10103.5,147.3,87.4,353018.969,335.36803,Kolttaköngäs (S23),2,July2023
MP_22,[980,1915],[5390,10533],pp,225,6806.3,207.7,41.7,113591.109,107.91155,Kolttaköngäs (S23),2,July2023
MP_1,[99,3],[545,17],pe,92,2783,104.1,34,37895.984,36.00118,Kolttaköngäs (S23),3,July2023
MP_2,[106,1509],[583,8300],pe,108,3267,116.5,35.7,46660.316,44.3273,Kolttaköngäs (S23),3,July2023
MP_3,[313,585],[1722,3218],pe,303,9165.8,165.7,70.4,258250.422,245.33789,Kolttaköngäs (S23),3,July2023
MP_4,[469,1759],[2580,9675],pe,876,26499,318.7,105.9,1122073.625,1065.96988,Kolttaköngäs (S23),3,July2023
MP_5,[491,1774],[2701,9757],pe,246,7441.5,137.8,68.8,204666.094,194.43278,Kolttaköngäs (S23),3,July2023
MP_6,[898,451],[4939,2481],pe,501,15155.3,214.6,89.9,545020.375,517.76934,Kolttaköngäs (S23),3,July2023
MP_7,[1449,1716],[7970,9438],pe,183,5535.8,134.4,52.5,116157.039,110.34919,Kolttaköngäs (S23),3,July2023
MP_8,[1521,910],[8366,5005],pe,72,2178,76,36.5,31774.008,30.18531,Kolttaköngäs (S23),3,July2023
MP_9,[480,692],[2640,3806],pp,57,1724.3,61.3,35.8,24695.518,23.46074,Kolttaköngäs (S23),3,July2023
MP_10,[543,484],[2987,2662],pp,214,6473.5,163.9,50.3,130253.844,123.74115,Kolttaköngäs (S23),3,July2023
MP_11,[597,2019],[3284,11105],pp,764,23111,228,129,1192864.875,1133.22163,Kolttaköngäs (S23),3,July2023
MP_12,[582,1646],[3201,9053],pp,1911,57807.8,423.3,173.9,4020374,3819.35525,Kolttaköngäs (S23),3,July2023
MP_13,[611,483],[3361,2657],pp,126,3811.5,115.4,42,64089.102,60.88464,Kolttaköngäs (S23),3,July2023
MP_14,[678,1678],[3729,9229],pp,2957,89449.3,635.5,179.2,6411966.5,6091.368,Kolttaköngäs (S23),3,July2023
MP_15,[1094,618],[6017,3399],pp,528,15972,225.8,90.1,575503.063,546.72788,Kolttaköngäs (S23),3,July2023
MP_16,[1452,1000],[7986,5500],pp,206,6231.5,164.7,48.2,120067.875,114.06448,Kolttaköngäs (S23),3,July2023
MP_17,[1640,2114],[9020,11627],pp,45,1361.3,66.2,26.2,14245.033,13.53278,Kolttaköngäs (S23),3,July2023
MP_18,[1817,917],[9994,5044],pp,351,10617.8,195.3,69.2,294023.531,279.32234,Kolttaköngäs (S23),3,July2023
MP_19,[553,1737],[3042,9554],pp,109,3297.3,76.7,54.7,72175.945,68.56715,Kolttaköngäs (S23),3,July2023
MP_20,[576,1646],[3168,9053],pp,22,665.5,62.1,13.6,3630.723,3.44919,Kolttaköngäs (S23),3,July2023
MP_21,[584,1653],[3212,9092],pp,46,1391.5,74.1,23.9,13313.593,12.64791,Kolttaköngäs (S23),3,July2023
MP_22,[624,477],[3432,2624],pp,52,1573,68,29.5,18540.703,17.61367,Kolttaköngäs (S23),3,July2023
MP_23,[1506,1598],[8283,8789],pp,48,1452,78.4,23.6,13704,13.0188,Kolttaköngäs (S23),3,July2023
MP_24,[1824,1345],[10032,7398],pp,250,7562.5,170.8,56.4,170507.281,161.98192,Kolttaköngäs (S23),3,July2023
MP_25,[591,1637],[3251,9004],pp,5,151.3,17.8,10.8,654.607,0.62188,Kolttaköngäs (S23),3,July2023
MP_26,[696,1745],[3828,9598],pp,143,4325.8,100.2,55,95134.656,90.37792,Kolttaköngäs (S23),3,July2023
MP_27,[1309,2082],[7200,11451],pp,61,1845.3,55.8,42.1,31102.016,29.54691,Kolttaköngäs (S23),3,July2023
MP_1,[425,787],[2338,4329],pa,114,3448.5,91.8,47.8,66003.109,75.24355,Kirakkakoski (S24),1,July2023
MP_2,[917,1253],[5044,6892],pe,791,23927.8,237.3,128.4,1228965,1167.51675,Kirakkakoski (S24),1,July2023
MP_3,[912,1876],[5016,10318],pe,51,1542.8,73.2,26.8,16562.828,15.73469,Kirakkakoski (S24),1,July2023
MP_4,[1072,1834],[5896,10087],pe,721,21810.3,253.7,109.5,954927.625,907.18125,Kirakkakoski (S24),1,July2023
MP_5,[1362,893],[7491,4912],pe,45,1361.3,75.7,22.9,12468.928,11.84548,Kirakkakoski (S24),1,July2023
MP_6,[1468,2099],[8074,11545],pe,107,3236.8,80,51.5,66664.93,63.33168,Kirakkakoski (S24),1,July2023
MP_7,[989,1555],[5440,8553],pp,161,4870.3,124.7,49.7,96891.867,92.04727,Kirakkakoski (S24),1,July2023
MP_8,[562,712],[3091,3916],pp,47,1421.8,49.1,36.8,20945.871,19.89858,Kirakkakoski (S24),1,July2023
MP_9,[1727,1479],[9499,8135],pp,18,544.5,35.1,19.7,4299.63,4.08465,Kirakkakoski (S24),1,July2023
MP_1,[229,1182],[1260,6501],pe,338,10224.5,198.3,65.7,268526.531,255.1002,Kirakkakoski (S24),2,July2023
MP_2,[308,1068],[1694,5874],pp,71,2147.8,68.3,40,34388.566,32.66914,Kirakkakoski (S24),2,July2023
MP_3,[810,738],[4455,4059],pp,51,1542.8,66.6,29.5,18195.006,17.28526,Kirakkakoski (S24),2,July2023
MP_4,[1007,497],[5539,2734],pp,110,3327.5,100.4,42.2,56179.273,53.37031,Kirakkakoski (S24),2,July2023
MP_5,[1135,1466],[6243,8063],pp,39,1179.8,61.3,24.5,11561.06,10.98301,Kirakkakoski (S24),2,July2023
MP_6,[1561,650],[8586,3575],pp,479,14489.8,213,86.6,501943.469,476.84628,Kirakkakoski (S24),2,July2023
MP_7,[2005,871],[11028,4791],pp,224,6776,150.1,57.5,155742.141,147.95503,Kirakkakoski (S24),2,July2023
MP_8,[320,1075],[1760,5913],pp,71,2147.8,67,40.8,35068.363,33.31495,Kirakkakoski (S24),2,July2023
MP_9,[658,638],[3619,3509],pp,19,574.8,33,22.2,5098.168,4.84326,Kirakkakoski (S24),2,July2023
MP_10,[881,1034],[4846,5687],pp,37,1119.3,48.5,29.4,13166.594,12.50826,Kirakkakoski (S24),2,July2023
MP_11,[1562,1952],[8591,10736],pp,11,332.8,28.2,15,2001.291,1.90123,Kirakkakoski (S24),2,July2023
MP_1,[1306,1077],[7183,5924],pe,71,2147.8,84.4,32.4,27824.873,26.43363,Kirakkakoski (S24),3,July2023
MP_2,[1953,1744],[10742,9592],pe,381,11525.3,173.1,84.8,390736.063,371.19925,Kirakkakoski (S24),3,July2023
MP_3,[1029,2094],[5660,11517],pp,230,6957.5,138.6,63.9,177871.953,168.97836,Kirakkakoski (S24),3,July2023
MP_4,[1155,1797],[6353,9884],pp,239,7229.8,171.5,53.7,155221.953,147.46086,Kirakkakoski (S24),3,July2023
MP_5,[1155,1299],[6353,7145],pp,39,1179.8,66.6,22.5,10639.986,10.10799,Kirakkakoski (S24),3,July2023
MP_6,[393,1140],[2162,6270],pp,52,1573,61.2,32.7,20597.076,19.56722,Kirakkakoski (S24),3,July2023
MP_7,[1013,1087],[5572,5979],pp,41,1240.3,49.1,32.1,15939.342,15.14238,Kirakkakoski (S24),3,July2023
MP_8,[1463,1518],[8047,8349],pp,31,937.8,41.6,28.7,10777.274,10.23841,Kirakkakoski (S24),3,July2023
MP_9,[1839,1189],[10115,6540],pp,16,484,28.8,21.4,4137.596,3.93072,Kirakkakoski (S24),3,July2023
MP_1,[1290,1600],[7095,8800],pet,18,544.5,40.7,17,3708.413,5.11761,Jäniskoski (S25),1,July2023
MP_2,[883,1987],[4857,10929],pe,407,12311.8,204,76.8,378365.438,359.44716,Jäniskoski (S25),1,July2023
MP_3,[917,1049],[5044,5770],pe,214,6473.5,148.6,55.5,143653.406,136.47073,Jäniskoski (S25),1,July2023
MP_4,[971,228],[5341,1254],pe,85,2571.3,93.2,35.1,36118.949,34.313,Jäniskoski (S25),1,July2023
MP_5,[1133,969],[6232,5330],pe,30,907.5,49.7,23.3,8444.204,8.02199,Jäniskoski (S25),1,July2023
MP_6,[1132,1670],[6226,9185],pe,97,2934.3,79.9,46.8,54879.395,52.13543,Jäniskoski (S25),1,July2023
MP_7,[1492,1453],[8206,7992],pe,71,2147.8,59.2,46.2,39666.656,37.68332,Jäniskoski (S25),1,July2023
MP_8,[1614,539],[8877,2965],pe,464,14036,200.4,89.2,500753.156,475.7155,Jäniskoski (S25),1,July2023
MP_9,[1701,625],[9356,3438],pe,82,2480.5,90.3,35,34718.508,32.98258,Jäniskoski (S25),1,July2023
MP_10,[1716,662],[9438,3641],pe,598,18089.5,309.6,74.4,538327.313,511.41094,Jäniskoski (S25),1,July2023
MP_11,[1794,1218],[9867,6699],pe,830,25107.5,317.6,100.7,1010886.875,960.3425,Jäniskoski (S25),1,July2023
MP_12,[1674,1285],[9207,7068],ps,188,5687,121.7,59.5,135302.5,140.71459,Jäniskoski (S25),1,July2023
MP_13,[1350,1743],[7425,9587],pp,143,4325.8,87.9,62.6,108377.461,102.95859,Jäniskoski (S25),1,July2023
MP_14,[1704,642],[9372,3531],pp,339,10254.8,216.1,60.4,247857.563,235.46469,Jäniskoski (S25),1,July2023
MP_15,[705,582],[3878,3201],pp,229,6927.3,114.6,77,213297.25,202.63239,Jäniskoski (S25),1,July2023
MP_16,[736,829],[4048,4560],pp,13,393.3,33,15.2,2386.677,2.26734,Jäniskoski (S25),1,July2023
MP_17,[964,351],[5302,1931],pp,26,786.5,37.1,27,8493.635,8.06895,Jäniskoski (S25),1,July2023
MP_18,[1084,1782],[5962,9801],pp,35,1058.8,45.5,29.6,12535.977,11.90918,Jäniskoski (S25),1,July2023
MP_19,[1135,1614],[6243,8877],pp,37,1119.3,47.7,29.9,13377.756,12.70887,Jäniskoski (S25),1,July2023
MP_20,[1364,423],[7502,2327],pp,528,15972,191.6,106.2,678221.75,644.31063,Jäniskoski (S25),1,July2023
MP_21,[1599,1377],[8795,7574],pp,286,8651.5,126.9,86.8,300309.938,285.29444,Jäniskoski (S25),1,July2023
MP_22,[730,630],[4015,3465],pp,261,7895.3,138.1,72.8,229931.625,218.43505,Jäniskoski (S25),1,July2023
MP_23,[1101,1203],[6056,6617],pp,121,3660.3,84.9,54.9,80383.492,76.36432,Jäniskoski (S25),1,July2023
MP_24,[1110,796],[6105,4378],pp,88,2662,76.6,44.3,47131.543,44.77496,Jäniskoski (S25),1,July2023
MP_25,[1596,463],[8778,2547],pp,13,393.3,30.1,16.6,2616.905,2.48606,Jäniskoski (S25),1,July2023
MP_26,[1707,1396],[9389,7678],pp,228,6897,143.2,61.3,169199.422,160.73945,Jäniskoski (S25),1,July2023
MP_27,[1784,1320],[9812,7260],pp,97,2934.3,88.5,42.2,49571.723,47.09314,Jäniskoski (S25),1,July2023
MP_1,[2106,1058],[11583,5819],pet,378,11434.5,156.6,93,425291.781,586.90263,Jäniskoski (S25),2,July2023
MP_2,[416,1072],[2288,5896],pe,97,2934.3,111.5,33.5,39323.836,37.35764,Jäniskoski (S25),2,July2023
MP_3,[611,242],[3361,1331],pe,33,998.3,45.4,28,11190.861,10.63132,Jäniskoski (S25),2,July2023
MP_4,[1527,808],[8399,4444],pe,359,10859.8,259.9,53.2,231117.594,219.56172,Jäniskoski (S25),2,July2023
MP_5,[1858,1165],[10219,6408],pe,62,1875.5,69,34.6,25946.941,24.64959,Jäniskoski (S25),2,July2023
MP_6,[1481,1394],[8146,7667],pe,88,2662,79.1,42.9,45640.352,43.35833,Jäniskoski (S25),2,July2023
MP_7,[1643,1857],[9037,10214],pp,114,3448.5,88.5,49.6,68448.328,65.02591,Jäniskoski (S25),2,July2023
MP_8,[635,1403],[3493,7717],pp,350,10587.5,194.8,69.2,293025.5,278.37422,Jäniskoski (S25),2,July2023
MP_9,[810,898],[4455,4939],pp,155,4688.8,112.4,53.1,99630.25,94.64873,Jäniskoski (S25),2,July2023
MP_10,[1012,1091],[5566,6001],pp,247,7471.8,154.1,61.7,184545.172,175.31791,Jäniskoski (S25),2,July2023
MP_11,[1169,604],[6430,3322],pp,126,3811.5,94.1,51.6,78623.039,74.69188,Jäniskoski (S25),2,July2023
MP_12,[1388,754],[7634,4147],pp,221,6685.3,151.3,56.2,150395.375,142.87561,Jäniskoski (S25),2,July2023
MP_13,[1300,480],[7150,2640],pp,43,1300.8,66.6,24.9,12934.475,12.28775,Jäniskoski (S25),2,July2023
MP_1,[418,1642],[2299,9031],pe,86,2601.5,93.7,35.4,36796.738,34.9569,Jäniskoski (S25),3,July2023
MP_2,[647,1559],[3559,8575],pe,162,4900.5,116.4,53.6,105117.594,99.86171,Jäniskoski (S25),3,July2023
MP_3,[660,817],[3630,4494],pe,583,17635.8,319.7,70.2,495419.406,470.64844,Jäniskoski (S25),3,July2023
MP_4,[702,769],[3861,4230],pe,184,5566,104.8,67.6,150548.047,143.02064,Jäniskoski (S25),3,July2023
MP_5,[755,1361],[4153,7486],pe,76,2299,70.9,41.3,37957.887,36.05999,Jäniskoski (S25),3,July2023
MP_6,[1065,404],[5858,2222],pe,79,2389.8,68.9,44.1,42198.586,40.08866,Jäniskoski (S25),3,July2023
MP_7,[1094,1003],[6017,5517],pe,1270,38417.5,308.8,158.4,2433983.5,2312.28425,Jäniskoski (S25),3,July2023
MP_8,[1407,631],[7739,3471],pe,152,4598,99.5,58.8,108232.93,102.82128,Jäniskoski (S25),3,July2023
MP_9,[1535,1322],[8443,7271],pe,514,15548.5,346.3,57.2,355548.094,337.77069,Jäniskoski (S25),3,July2023
MP_10,[1769,990],[9730,5445],pe,21,635.3,35.1,23,5852.274,5.55966,Jäniskoski (S25),3,July2023
MP_11,[2169,1042],[11930,5731],pe,174,5263.5,120.9,55.4,116696.438,110.86162,Jäniskoski (S25),3,July2023
MP_12,[912,395],[5016,2173],ps,63,1905.8,63.8,38,28978.922,30.13808,Jäniskoski (S25),3,July2023
MP_13,[230,1620],[1265,8910],pp,293,8863.3,159.9,70.6,250147.469,237.64009,Jäniskoski (S25),3,July2023
MP_14,[617,791],[3394,4351],pp,103,3115.8,90.6,43.8,54546.262,51.81895,Jäniskoski (S25),3,July2023
MP_15,[777,1847],[4274,10159],pp,21,635.3,50.9,15.9,4041.411,3.83934,Jäniskoski (S25),3,July2023
MP_16,[782,803],[4301,4417],pp,63,1905.8,64,37.9,28917.059,27.47121,Jäniskoski (S25),3,July2023
MP_17,[871,534],[4791,2937],pp,40,1210,52.7,29.3,14161.938,13.45384,Jäniskoski (S25),3,July2023
MP_18,[1119,319],[6155,1755],pp,172,5203,104,63.7,132584.891,125.95564,Jäniskoski (S25),3,July2023
MP_19,[1493,759],[8212,4175],pp,25,756.3,36.6,26.3,7955.531,7.55775,Jäniskoski (S25),3,July2023
MP_20,[1630,1589],[8965,8740],pp,264,7986,137.8,73.8,235786.609,223.99728,Jäniskoski (S25),3,July2023
MP_21,[1896,953],[10428,5242],pp,100,3025,97,39.7,48068.613,45.66518,Jäniskoski (S25),3,July2023
MP_22,[2138,1695],[11759,9323],pp,101,3055.3,159.7,24.4,29770.131,28.28162,Jäniskoski (S25),3,July2023
MP_23,[730,1114],[4015,6127],pp,23,695.8,49.8,17.8,4946.266,4.69895,Jäniskoski (S25),3,July2023
MP_24,[773,1848],[4252,10164],pp,37,1119.3,68.9,20.7,9256.509,8.79368,Jäniskoski (S25),3,July2023
MP_25,[972,222],[5346,1221],pp,18,544.5,45.5,15.2,3315.638,3.14986,Jäniskoski (S25),3,July2023
MP_26,[1758,609],[9669,3350],pp,66,1996.5,78.4,32.4,25906.773,24.61143,Jäniskoski (S25),3,July2023
MP_27,[1958,982],[10769,5401],pp,94,2843.5,68.9,52.5,59744.703,56.75747,Jäniskoski (S25),3,July2023
MP_28,[409,854],[2250,4697],pp,85,2571.3,83.2,39.4,40481.359,38.45729,Jäniskoski (S25),3,July2023
MP_29,[558,215],[3069,1183],pp,22,665.5,33,25.7,6835.216,6.49346,Jäniskoski (S25),3,July2023
MP_30,[630,206],[3465,1133],pp,23,695.8,37.6,23.6,6561.946,6.23385,Jäniskoski (S25),3,July2023
MP_31,[722,1535],[3971,8443],pp,15,453.8,33,17.5,3177.528,3.01865,Jäniskoski (S25),3,July2023
MP_32,[1104,98],[6072,539],pp,232,7018,107.4,83.2,233644.969,221.96272,Jäniskoski (S25),3,July2023
MP_33,[1528,881],[8404,4846],pp,39,1179.8,53.1,28.3,13354.393,12.68667,Jäniskoski (S25),3,July2023
MP_34,[1686,919],[9273,5055],pp,69,2087.3,58.7,45.3,37816.359,35.92554,Jäniskoski (S25),3,July2023
MP_35,[1703,863],[9367,4747],pp,33,998.3,40.5,31.4,12530.885,11.90434,Jäniskoski (S25),3,July2023
MP_36,[1925,1558],[10588,8569],pp,108,3267,88.6,47,61367.234,58.29887,Jäniskoski (S25),3,July2023
MP_37,[42,1053],[231,5792],pp,240,7260,113.9,81.1,235633.125,223.85147,Jäniskoski (S25),3,July2023
MP_38,[1242,1131],[6831,6221],pp,68,2057,63.8,41,33761.285,32.07322,Jäniskoski (S25),3,July2023
MP_39,[1543,1140],[8487,6270],pp,113,3418.3,81.4,53.4,73069.359,69.41589,Jäniskoski (S25),3,July2023