id,site,visit,point,length,roundness,L,a,b
A5U4,Napindan,August,5,3013.284,0.830020456,78.53501434,-4.933425975,20.44538717
A4D1,Napindan,August,4,2374.008,0.744285608,62.19478719,-21.58438553,3.681339326
A5U1,Napindan,August,5,1331.255,0.675899917,43.69122247,25.57318958,37.10534735
A3U3,Napindan,August,3,3397.898,0.624578645,28.63661181,-1.131788712,1.907043374
A5U2,Napindan,August,5,1142.332,0.353014237,33.16958901,-11.17203525,-13.42513801
A5U3,Napindan,August,5,1557.529,0.192560315,61.51667257,-19.6617318,-6.997224611
A5U5,Napindan,August,5,1281.474,0.18066014,79.19188554,-9.523625172,9.393733977
B1U2,Sampiruhan,August,1,2625.743,0.935897152,38.8162698,-16.11278685,-3.624414508
B4U6,Sampiruhan,August,4,4238.883,0.773966688,82.69489313,-1.718180356,-0.442220748
B2D3,Sampiruhan,August,2,535.218,0.765014237,44.51365748,-9.10334874,15.79273034
B3U5,Sampiruhan,August,3,2554.136,0.756199095,82.13141027,-11.76717236,16.30270662
B4D1,Sampiruhan,August,4,1001.432,0.745219263,36.40245927,-19.17679906,1.495806662
B3D2,Sampiruhan,August,3,942.153,0.730900652,54.93026239,-9.576519562,8.244814578
B3U3,Sampiruhan,August,3,2160.367,0.643273146,84.8032235,-11.19020213,19.60884471
B4D2,Sampiruhan,August,4,433.72,0.603145053,31.98841248,-14.10751158,-8.229924842
B2D2,Sampiruhan,August,2,621.275,0.531936943,34.27082957,-1.388612963,32.35809226
B4D4,Sampiruhan,August,4,3680.915,0.502971817,73.29175927,-2.035965024,3.597293489
B5U2,Sampiruhan,August,5,1057.138,0.446290255,41.24454151,-28.30102548,8.368692923
B5D1,Sampiruhan,August,5,1376.408,0.422961044,40.54450015,-15.47850943,16.11019604
B2U1,Sampiruhan,August,2,2085.014,0.421988423,79.12389224,-10.04156131,10.91074315
B3U2,Sampiruhan,August,3,1275.341,0.410660368,78.37182991,-11.05194101,18.99430634
B5D2,Sampiruhan,August,5,932.792,0.399498439,17.3752768,19.16842462,-43.04469933
B5U4,Sampiruhan,August,5,1339.435,0.397712664,42.74551472,-14.39312417,15.590206
B2D4,Sampiruhan,August,2,387.672,0.385330015,32.41285837,-7.512850147,16.7521104
B1U1,Sampiruhan,August,1,1242.564,0.380594969,41.13956942,-4.122111396,-34.3274203
B3U1,Sampiruhan,August,3,1080.844,0.366967138,87.17367329,-10.71827133,27.70220402
B1U5,Sampiruhan,August,1,801.256,0.354716442,12.2703758,-5.085832226,2.639040691
B2U3,Sampiruhan,August,2,1071.817,0.334715107,80.26853081,-10.72218112,20.62433638
B1U4,Sampiruhan,August,1,908.478,0.331870942,65.04564422,-0.226584344,40.60486337
B3U4,Sampiruhan,August,3,1613.356,0.301313807,70.57101194,-11.31725556,14.37446075
B5U1,Sampiruhan,August,5,897.358,0.29324079,38.87188285,-29.30717493,18.28810108
B4D3,Sampiruhan,August,4,874.883,0.284605699,31.88636842,-8.845036044,-13.46192037
B2U2,Sampiruhan,August,2,955.338,0.284212045,81.50035464,-13.69809435,21.23457138
B4U4,Sampiruhan,August,4,1440.07,0.25703013,65.87706707,-14.17289267,-30.21692417
B1D1,Sampiruhan,August,1,972.721,0.209834193,37.9190042,-13.55096192,-7.439532106
B2D1,Sampiruhan,August,2,732.767,0.207071391,35.11725169,2.851259496,24.85965093
B4U2,Sampiruhan,August,4,1593.215,0.205447307,39.76077768,-17.72493577,-4.094391947
B4U11,Sampiruhan,August,4,2207.887,0.198534366,39.68533506,-10.8500225,13.81400792
B4U1,Sampiruhan,August,4,1636.468,0.185675834,33.34734462,-19.0881692,-6.232455839
B3D1,Sampiruhan,August,3,590.367,0.173339416,64.63914522,-10.78620051,66.17822327
B4U5,Sampiruhan,August,4,1197.227,0.161415196,41.64145956,-11.34704588,14.11887358
B4U3,Sampiruhan,August,4,785.797,0.128927488,34.13968462,-15.77403644,-11.35083077
B2U4,Sampiruhan,August,2,1086.685,0.089471681,29.72680621,10.43696186,34.04271858
C2U30,San Isidro,August,2,4667.143,0.89325157,79.93334717,-18.57452397,24.23514551
C2U34,San Isidro,August,2,3125.194,0.844077729,83.70712781,-5.545557423,15.49772822
C3D1,San Isidro,August,3,2255.21,0.842548107,43.46798098,-2.601837537,21.63083434
C2U50,San Isidro,August,2,2905.405,0.841811075,89.36636059,-2.915562336,6.233158705
C2U37,San Isidro,August,2,2951.593,0.835229838,83.26613625,-6.161581654,17.52149583
C2U47,San Isidro,August,2,2448.183,0.835033478,56.12084344,-24.59122514,29.3860724
C2U31,San Isidro,August,2,3858.318,0.828389628,78.48468781,-43.02977765,7.21456403
C2U48,San Isidro,August,2,2610.454,0.825517109,68.50272701,-2.687326275,10.45594264
C2U41,San Isidro,August,2,3423.935,0.820695962,86.27378066,-3.023346867,11.26734404
C2U11,San Isidro,August,2,2063.252,0.813618634,38.05712966,-20.209224,10.70999635
C1U6,San Isidro,August,1,4581.23,0.802989347,71.8749487,-16.54456672,18.31973896
C2U20,San Isidro,August,2,2045.373,0.757710651,40.05011878,-23.22861835,12.23635534
C1U10,San Isidro,August,1,4795.742,0.754936943,76.45708992,-17.38049278,18.82729745
C1U9,San Isidro,August,1,4092.979,0.732115775,85.08872296,-20.42353536,13.98235761
C3U8,San Isidro,August,3,1782.247,0.722896649,40.28652728,-14.39817822,13.96698328
C1U8,San Isidro,August,1,4224.972,0.719772326,69.7743864,-17.76821942,15.85497832
C2U44,San Isidro,August,2,2618.929,0.718571126,76.76159851,-14.3959349,-7.941787112
C2U39,San Isidro,August,2,4210.227,0.71633527,88.79444217,-5.903766612,24.8717386
C1U13,San Isidro,August,1,2474.913,0.711984584,72.35489695,-21.13251869,-19.1501978
C1U11,San Isidro,August,1,4722.443,0.706256494,89.11469842,-17.73101514,15.08753476
C4U2,San Isidro,August,4,2924.496,0.696986245,37.66153085,-2.91335662,24.44792462
C2U35,San Isidro,August,2,4069.368,0.694428986,72.9826269,-7.883541169,-5.277264344
C3U6,San Isidro,August,3,2845.239,0.689308376,75.82190046,-2.687641152,7.868407188
C3U15,San Isidro,August,3,1309.817,0.682195388,47.2776952,-8.135022417,26.54445333
C1U15,San Isidro,August,1,3503.769,0.672728113,62.95134963,-2.061059012,8.576594225
C3U16,San Isidro,August,3,1840.551,0.671282119,42.30699013,-7.1331447,7.862574281
C3U11,San Isidro,August,3,1062.882,0.66853643,42.36929149,-3.703685527,18.32408357
C2U28,San Isidro,August,2,4094.795,0.655445169,89.65369293,-4.572099472,18.77924124
C1D3,San Isidro,August,1,2157.857,0.652310383,27.44867084,-3.42348469,-20.99455547
C2U6,San Isidro,August,2,885.279,0.647748852,43.98065914,-0.559738922,-41.13328613
C2U23,San Isidro,August,2,2493.728,0.629901749,64.85985724,-11.2928937,27.27497683
C2U9,San Isidro,August,2,1312.295,0.628372772,55.8859765,-18.47591432,22.03599479
C1D5,San Isidro,August,1,1774.836,0.623045494,42.85654749,-8.976292812,12.26074618
C1U5,San Isidro,August,1,2019.603,0.616382731,40.30737887,-14.81267235,-1.373156639
C1D6,San Isidro,August,1,1107.077,0.607207209,41.88825353,-5.883695922,15.8015292
C1D7,San Isidro,August,1,1680.394,0.604063508,45.08783183,-13.60717529,5.093686908
C1U3,San Isidro,August,1,1019.162,0.600423129,41.15279499,14.73900988,-56.83623832
C2U45,San Isidro,August,2,4410.917,0.587375439,79.1055727,-1.019204982,8.897289037
C2U10,San Isidro,August,2,749.884,0.5550989,40.28813795,-1.299076865,-38.0809149
C2U24,San Isidro,August,2,1344.984,0.548411564,38.89388774,-13.77240435,0.265437138
C2U12,San Isidro,August,2,1919.097,0.518295962,38.21613529,-9.616646172,11.15710902
C1D2,San Isidro,August,1,1838.735,0.50083528,44.5536819,-10.69751829,12.22216834
C3U10,San Isidro,August,3,1227.349,0.499228015,40.08735541,-13.22720979,-4.775824078
C2U8,San Isidro,August,2,1348.844,0.490437245,43.10762626,-14.22159798,42.53353813
C1U17,San Isidro,August,1,3513.621,0.487466811,84.31436602,-3.917521209,11.59635568
C2U22,San Isidro,August,2,2267.989,0.486567237,41.18493957,-8.40243373,28.7544167
C2U13,San Isidro,August,2,1068.393,0.47507188,31.34664128,-9.986411363,6.349597833
C1U16,San Isidro,August,1,4163.245,0.452977565,73.76243134,-3.945641119,9.224162898
C1U2,San Isidro,August,1,1526.646,0.451218632,36.39771029,-9.643582914,3.539829694
C2U2,San Isidro,August,2,2184.075,0.433960958,37.83597657,-12.52116644,19.68081131
C2U4,San Isidro,August,2,1448.495,0.407680678,35.44642185,-8.594582581,-8.618554494
C3U17,San Isidro,August,3,836.242,0.396946534,42.20355431,-4.694720206,20.44679416
C2U1,San Isidro,August,2,944.475,0.388851919,63.19736404,-16.08675397,25.97771042
C2U16,San Isidro,August,2,585.425,0.374987254,61.69425575,-5.486439272,18.59809746
C2U14,San Isidro,August,2,733.797,0.364106806,36.35495675,-13.57190073,-4.153072005
C4U1,San Isidro,August,4,764.225,0.351221348,37.30816242,-2.444110893,22.24214124
C2U19,San Isidro,August,2,999.836,0.347450925,36.61935444,-0.503077631,35.50690365
C1D4,San Isidro,August,1,1330.026,0.346720804,63.3631888,-9.174047522,25.83705125
C4D1,San Isidro,August,4,1342.821,0.34364766,41.35554289,-4.436497617,15.6982636
C2U21,San Isidro,August,2,1026.021,0.3432183,60.51309374,-12.17976106,25.72617044
C2U7,San Isidro,August,2,1644.396,0.323893273,63.00252477,-3.918483783,32.0400343
C3U14,San Isidro,August,3,738.057,0.323852216,40.56609164,-4.683166146,20.59951912
C2U5,San Isidro,August,2,639.828,0.323344363,61.15528843,-13.91014407,-27.44352149
C2U17,San Isidro,August,2,1833.508,0.319013952,37.08103717,-4.122060053,31.43469275
C2U15,San Isidro,August,2,820.958,0.294782347,41.64607128,-9.796674876,21.9037442
C2U3,San Isidro,August,2,1131.076,0.293423866,60.6678997,-9.336970896,-32.69805719
C1U4,San Isidro,August,1,1672.483,0.269939637,27.6433985,-5.268599353,15.9890964
C1D1,San Isidro,August,1,1841.625,0.241469067,43.11654974,-12.77067679,20.87224964
C2U18,San Isidro,August,2,2013.862,0.233927488,39.5251323,-8.300167142,26.0950829
C3U13,San Isidro,August,3,549.924,0.226555726,42.05955004,-7.006179087,14.80757484
C3U12,San Isidro,August,3,1118.988,0.207194469,62.18140484,-9.324546252,24.76500286
C3U7,San Isidro,August,3,2128.988,0.203901166,26.51235664,-7.271269901,-0.036196078
C3U18,San Isidro,August,3,954.339,0.099467044,39.29752386,-8.017793688,9.031879209
N1U5,Napindan,September,1,3601.606,0.88058045,91.42005831,-0.817354188,0.313545405
N2U8,Napindan,September,2,3133.051,0.84307358,90.61861218,-1.707567935,3.868456772
N4U5,Napindan,September,4,4523.72,0.831334625,60.21186651,-5.95707669,-20.82425968
N2U9,Napindan,September,2,2876.281,0.826333054,85.42901082,-7.639238153,0.302358968
N1U11,Napindan,September,1,1518.174,0.809428292,41.276364,-8.165432182,6.959720287
N4U9,Napindan,September,4,3540.641,0.799577213,91.44464093,-0.833011817,1.408049823
N4U10,Napindan,September,4,2624.826,0.798850261,72.89473602,-30.53068805,-9.073413836
N4U1,Napindan,September,4,4584.07,0.793758173,94.10089168,-1.48686536,1.13661959
N5U9,Napindan,September,5,3877.545,0.792366125,87.30206878,-10.09385882,-4.424317053
N5U4,Napindan,September,5,4455.668,0.778564647,92.62714284,-2.023801915,2.617787921
N3U3,Napindan,September,3,4850.287,0.755290156,93.15008434,-1.170328914,2.357745406
N1U9,Napindan,September,1,690.516,0.736344908,52.81138029,-31.58921841,8.263288894
N5U11,Napindan,September,5,456.553,0.728863225,87.95649195,-19.77717654,-4.136094592
N1U4,Napindan,September,1,3928.571,0.717827987,68.61373779,25.50521905,27.49912646
N4U4,Napindan,September,4,3820.366,0.716214369,62.14315927,-6.96428713,-25.24931716
N4U7,Napindan,September,4,4584.875,0.707191503,92.67684395,-1.858395741,3.222087031
N3U7,Napindan,September,3,698.147,0.705050597,84.66668995,-10.10717331,19.96892208
N4U3,Napindan,September,4,3701.015,0.704325218,86.20040709,-46.13946351,-1.314354596
N5U8,Napindan,September,5,2819.458,0.661078711,72.62365143,-24.37104575,-16.02167196
N5U5,Napindan,September,5,4492.297,0.652652044,57.29818867,-5.317541518,-20.15422597
N3U4,Napindan,September,3,4861.083,0.649464363,83.66214114,-0.704829217,1.020765904
N5U12,Napindan,September,5,965.374,0.623524914,86.71265433,-20.59090652,-6.015063034
N5U14,Napindan,September,5,812.571,0.581091502,63.11145253,-21.46461428,-5.762746306
N2U10,Napindan,September,2,2190.151,0.574305137,40.07852232,27.86358467,21.01339316
N2U15,Napindan,September,2,1706.574,0.562012504,85.75187745,-8.475592864,22.60756814
N2U11,Napindan,September,2,1418.734,0.560252525,77.04186123,-19.99506238,17.44328446
N1U1,Napindan,September,1,593.354,0.532804929,48.65984823,12.55117913,23.89761152
N3U8,Napindan,September,3,677.391,0.523487331,43.14453957,-10.35507864,20.38852129
N3U6,Napindan,September,3,1455.309,0.467287206,81.04915532,-7.533908722,10.52262656
N5U15,Napindan,September,5,491.863,0.460803289,65.28541402,-24.48024326,-2.552783184
N2U12,Napindan,September,2,1281.213,0.400802103,60.04444554,-20.9189917,-24.70057673
N2U6,Napindan,September,2,3501.982,0.398805155,69.1925297,-2.257852063,4.202673997
N2U17,Napindan,September,2,1862.373,0.389692158,39.18922767,-7.943860198,26.80884519
N2U14,Napindan,September,2,1658.525,0.38428281,61.85673864,-11.8590196,35.610962
N5D1,Napindan,September,5,1397.979,0.354953976,66.68936937,-3.157141107,1.03179308
N2U13,Napindan,September,2,1356.643,0.32162533,58.65281389,-20.36386989,-23.99725465
N5D2,Napindan,September,5,719.471,0.286447307,65.02918758,-15.48736394,42.05537097
N3U9,Napindan,September,3,1391.189,0.256295962,63.85660827,-10.75485071,28.65183727
N5U13,Napindan,September,5,1055.328,0.231693331,88.96334299,-18.07305686,-4.193259672
N3U10,Napindan,September,3,1909.645,0.227397223,61.25761824,-10.61033601,30.0580385
N1U10,Napindan,September,1,1803.089,0.204715413,66.75641131,-16.16054747,-37.22305057
N1U8,Napindan,September,1,1516.619,0.114438921,32.19510575,4.948833116,27.01062033
N2U16,Napindan,September,2,1883.901,0.11342684,40.1954753,-7.264539996,30.83031749
N4U14,Napindan,September,4,1773.414,0.074089608,78.08704125,-8.505979917,15.94361144
S2U22,Sampiruhan,September,2,3699.653,0.880625536,51.765164,4.271350771,1.504242186
S1U22,Sampiruhan,September,1,3988.623,0.877567685,87.91520717,-1.03926597,3.056145278
S4U341,Sampiruhan,September,4,1392.248,0.876741737,38.97412852,-10.38212194,15.26626617
S4U175,Sampiruhan,September,4,1943.714,0.874501779,63.7940914,-9.421119041,32.38393167
S4U72,Sampiruhan,September,4,3972.182,0.874347853,59.45574569,-6.891043865,15.96162646
S1U15,Sampiruhan,September,1,4701.245,0.871275835,92.65155867,-1.84923188,2.130073102
S1U46,Sampiruhan,September,1,2594.878,0.857596915,61.63792058,-8.114156063,23.4939464
S5U294,Sampiruhan,September,5,4044.016,0.848745438,72.39043638,1.012830027,0.650783272
S5U104,Sampiruhan,September,5,2425.011,0.838149558,42.52534599,-5.589048264,26.64341597
S4U350,Sampiruhan,September,4,1174.889,0.836617413,44.5740597,-9.534095277,24.64356382
S4U238,Sampiruhan,September,4,1236.914,0.835960133,43.01208103,-6.872531286,21.4786017
S4U330,Sampiruhan,September,4,1247.211,0.835717918,39.83594116,-8.614065022,23.03828771
S5U111,Sampiruhan,September,5,873.509,0.829140007,61.42268172,-7.304007085,23.77460709
S5U30,Sampiruhan,September,5,2426.244,0.827553851,76.57139216,-6.074367046,7.257239468
S4U369,Sampiruhan,September,4,1666.045,0.822282916,40.86682571,-7.932002175,28.92279662
S5U237,Sampiruhan,September,5,1587.785,0.820032285,36.23854499,-19.93238778,-0.644186111
S2U41,Sampiruhan,September,2,2192.444,0.819688484,58.36773384,-14.40290761,-3.604886465
S4U39,Sampiruhan,September,4,2981.941,0.819093166,75.77057016,-7.799559403,3.30167648
S5U290,Sampiruhan,September,5,1674.566,0.814156009,49.73156205,15.50283605,1.686962383
S4U290,Sampiruhan,September,4,1861.873,0.811511726,40.44648203,-11.54558163,17.86908464
S5U71,Sampiruhan,September,5,1863.105,0.807421422,68.78042104,-5.055604198,11.36756042
S4U179,Sampiruhan,September,4,934.356,0.804997135,84.1352745,-12.05427258,31.27575878
S5U29,Sampiruhan,September,5,4292.537,0.804001342,89.44959922,-4.287866288,6.859453949
S4U379,Sampiruhan,September,4,1643.174,0.801822163,37.90549719,-7.786854076,21.68623071
S4U220,Sampiruhan,September,4,1610.76,0.799378294,54.30670251,-21.63492756,6.526070711
S4D1,Sampiruhan,September,4,3976.388,0.799111985,86.42768393,7.922340033,22.91270557
S4U75,Sampiruhan,September,4,2356.181,0.798359647,77.96447161,-4.627180337,7.693542833
S4U196,Sampiruhan,September,4,1010.455,0.798356095,62.30670594,-7.712562106,37.37004872
S5U247,Sampiruhan,September,5,1548.349,0.797089545,56.34331035,-3.867959041,23.0412206
S5U49,Sampiruhan,September,5,3859.666,0.79567256,87.10217132,-4.991812574,3.374305535
S2U36,Sampiruhan,September,2,2502.012,0.795043031,59.85248179,-16.53954776,-4.868888977
S1U17,Sampiruhan,September,1,3696.695,0.792222964,82.63955924,-30.26850094,-18.21398418
S4U107,Sampiruhan,September,4,1945.761,0.783178678,59.92009187,-8.744845907,19.40747673
S4U258,Sampiruhan,September,4,511.501,0.780678038,64.91755648,-19.45377943,30.91150021
S4U161,Sampiruhan,September,4,664.821,0.779931948,62.63822665,-14.71237746,22.48787066
S4U157,Sampiruhan,September,4,4031.1,0.77947807,71.71135326,8.15979056,13.69126702
S4U352,Sampiruhan,September,4,471.299,0.778013952,31.22144919,2.204300558,37.25810013
S4U201,Sampiruhan,September,4,1933.273,0.774632119,47.60458078,16.5706714,44.92954341
S4U225,Sampiruhan,September,4,1517.551,0.771996555,59.09334433,-5.133825845,45.00908007
S4U319,Sampiruhan,September,4,444.674,0.76966014,37.78765577,-25.46223529,17.50847032
S1U37,Sampiruhan,September,1,1048.408,0.769228634,60.46239609,-8.825451648,30.13755548
S4U94,Sampiruhan,September,4,619.752,0.768562853,83.20644574,-22.43529894,8.542372761
S5U57,Sampiruhan,September,5,627.036,0.768348313,39.45602882,-15.62758943,2.927482856
S4U230,Sampiruhan,September,4,442.336,0.765851919,65.51133558,-16.15716248,31.25871405
S4U381,Sampiruhan,September,4,1558.801,0.765762843,36.53572019,-8.501828707,22.80521119
S5U271,Sampiruhan,September,5,650.495,0.763433204,39.69756839,-27.67819312,6.158785505
S4U297,Sampiruhan,September,4,2665.307,0.761995025,35.35699735,1.317828776,39.51138848
S5U98,Sampiruhan,September,5,1508.027,0.761608251,43.71339806,-7.01918961,16.51700592
S1U32,Sampiruhan,September,1,980.217,0.761448913,45.6220009,-15.81549657,-20.1458604
S4U156,Sampiruhan,September,4,2328.973,0.760306579,42.2913011,-9.809784928,12.04524897
S4U237,Sampiruhan,September,4,1378.263,0.758937779,42.38687263,-7.173914211,12.24024842
S5U9,Sampiruhan,September,5,788.539,0.758729938,56.48096077,-25.93359413,-16.47088502
S4U333,Sampiruhan,September,4,343.96,0.757482158,39.15141969,-4.448234238,35.80086541
S4U168,Sampiruhan,September,4,1118.628,0.755430651,83.61396046,-8.693644667,24.86544082
S5U51,Sampiruhan,September,5,4745.412,0.753102781,85.18500341,-3.997588386,3.760454236
S4U177,Sampiruhan,September,4,1507.283,0.752344908,63.36872205,-4.242063697,35.71142135
S4U183,Sampiruhan,September,4,2108.445,0.749646255,75.11520574,6.261207282,4.255337519
S5U295,Sampiruhan,September,5,2749.905,0.746505516,83.92263722,0.155907441,4.118671491
S4U48,Sampiruhan,September,4,3760.15,0.741783834,91.9690149,-7.307344772,5.759492942
S4U287,Sampiruhan,September,4,1976.694,0.739880286,38.52699323,-8.946107241,22.47248253
S5U17,Sampiruhan,September,5,4000.312,0.73921526,75.69586193,-31.89330973,-16.92075948
S5U116,Sampiruhan,September,5,1257.614,0.737999031,39.7491783,-7.037776368,24.71056639
S5U170,Sampiruhan,September,5,2361.45,0.732790575,69.33302141,-9.074174938,5.396737373
S5U60,Sampiruhan,September,5,1439.311,0.732722632,42.57421492,-6.411303842,14.3378133
S4U111,Sampiruhan,September,4,957.056,0.732463328,68.93686152,-8.388384182,37.06441677
S5U85,Sampiruhan,September,5,1487.184,0.732033478,41.33283609,-5.337964984,25.67521069
S4U219,Sampiruhan,September,4,1353.849,0.730230224,68.85387745,-12.13299357,30.50315587
S1U38,Sampiruhan,September,1,778.132,0.729479286,63.45024182,-5.271103193,29.89199589
S5U37,Sampiruhan,September,5,4053.89,0.727058049,81.20606263,-3.267465698,10.83999143
S1U34,Sampiruhan,September,1,2097.282,0.7266642,84.695309,-7.408327144,12.61288597
S5U92,Sampiruhan,September,5,2142.417,0.725988027,40.39134753,-7.956029016,24.36614309
S4U282,Sampiruhan,September,4,691.849,0.724833368,45.17544323,-10.92440053,28.75691787
S5U292,Sampiruhan,September,5,2034.506,0.720432363,62.6750162,-25.00239872,-14.43238359
S4U242,Sampiruhan,September,4,740.178,0.719964841,58.42076287,-6.085532214,37.17155886
S4U100,Sampiruhan,September,4,555.379,0.717752224,84.92276578,-8.067446355,56.22970429
S4U249,Sampiruhan,September,4,1360.538,0.717364028,37.65297007,-17.81582269,12.64566839
S4U216,Sampiruhan,September,4,634.438,0.716890287,67.46246745,-11.8241475,32.9134652
S4U224,Sampiruhan,September,4,575.207,0.715500907,43.03964818,-15.95917501,26.41835734
S1U36,Sampiruhan,September,1,1781.402,0.714939362,42.00592203,-9.058462093,11.04849139
S4U10,Sampiruhan,September,4,4637.465,0.713704401,87.36941391,4.682029959,17.81880547
S4U209,Sampiruhan,September,4,1691.587,0.711484168,82.60371345,-11.07670603,15.39129286
S4U76,Sampiruhan,September,4,1999.801,0.710765096,86.55193233,-13.33423852,21.5210875
S5U239,Sampiruhan,September,5,742.682,0.708864484,62.73991047,-4.699542,25.65605777
S5U261,Sampiruhan,September,5,996.347,0.705489579,58.72463227,-5.749183575,26.79724199
S4U402,Sampiruhan,September,4,1996.901,0.705274286,80.16047321,-40.52879985,2.694020609
S5U265,Sampiruhan,September,5,1333.329,0.704773243,60.22742415,-7.707687675,25.45761442
S5U272,Sampiruhan,September,5,1264.621,0.703919207,80.43124491,-5.894610684,16.67200906
S2U3,Sampiruhan,September,2,3145.223,0.703699563,85.70505487,0.914656068,-2.347787569
S4U393,Sampiruhan,September,4,970.019,0.701973596,38.32000639,-6.31065996,31.77408902
S3U10,Sampiruhan,September,3,1136.348,0.701513886,65.39250557,0.204347222,-3.679456808
S5U93,Sampiruhan,September,5,2015.749,0.700326576,64.77027794,-9.934399865,28.82253106
S3U3,Sampiruhan,September,3,3891.835,0.699370153,72.921862,-36.46870402,0.248153178
S4U141,Sampiruhan,September,4,569.273,0.698972922,74.31346853,-9.514547014,41.4372907
S3U8,Sampiruhan,September,3,2915.71,0.698313163,86.42768393,7.922340033,22.91270557
S1U45,Sampiruhan,September,1,711.517,0.698238039,40.31532365,-16.9287313,-3.250430687
S4U371,Sampiruhan,September,4,1697.071,0.698028702,37.17961057,-9.537121052,23.02797874
S4U92,Sampiruhan,September,4,837.901,0.697643431,39.80618537,-19.41503691,10.7513666
S5U1,Sampiruhan,September,5,985.953,0.697232738,29.08950463,8.447552032,24.46275042
S5U251,Sampiruhan,September,5,745.217,0.696964841,40.49960425,-3.115605091,22.3285877
S4U160,Sampiruhan,September,4,859.246,0.69615936,48.16720255,0.641300448,52.2164213
S5U16,Sampiruhan,September,5,2808.143,0.69545394,73.59487282,-3.973575916,2.350300456
S4U125,Sampiruhan,September,4,1478.912,0.693181346,62.50944062,-9.056156504,44.61062343
S5U32,Sampiruhan,September,5,3218.444,0.692680985,82.78290082,-3.860754861,6.665069077
S5U160,Sampiruhan,September,5,1415.71,0.692242423,43.10375792,-8.7699629,2.878197181
S5U58,Sampiruhan,September,5,1030.307,0.691884293,60.37906798,-2.940414967,22.44645212
S5U11,Sampiruhan,September,5,649.776,0.690883816,68.18479513,-22.02503854,31.46670308
S5U249,Sampiruhan,September,5,1218.271,0.690564242,41.4251009,-2.358605374,18.85599133
S1D2,Sampiruhan,September,1,2072.765,0.689541877,57.2528066,-17.9895867,-20.96427591
S4U11,Sampiruhan,September,4,4142.012,0.689331006,74.17987752,0.653061582,1.649468227
S4U170,Sampiruhan,September,4,1482.17,0.687811855,78.48190557,-9.272130972,25.62453443
S1D3,Sampiruhan,September,1,2174.09,0.687744889,76.18042899,-4.941084288,-3.176282602
S4U233,Sampiruhan,September,4,675.526,0.686672505,57.69277065,-4.846366974,23.17880778
S4U412,Sampiruhan,September,4,2560,0.683090661,78.66320571,-15.59960302,5.243722211
S4U343,Sampiruhan,September,4,1282.882,0.681386396,40.50209727,-9.372468119,22.14610143
S3U7,Sampiruhan,September,3,3505.516,0.680317904,77.06024179,-29.91008829,-17.53971955
S4U104,Sampiruhan,September,4,687.027,0.679381328,93.19352059,-17.65922645,27.14660452
S4U413,Sampiruhan,September,4,2872.788,0.677570501,82.24199353,-8.324652223,46.67099638
S4U151,Sampiruhan,September,4,1573.776,0.674301118,41.25724702,-7.356653618,19.68040232
S2U28,Sampiruhan,September,2,2228.244,0.672479987,73.41867478,-4.112440494,-3.449351593
S2U35,Sampiruhan,September,2,1915.971,0.67239646,40.05018265,-4.271461899,10.19398214
S4U408,Sampiruhan,September,4,1751.825,0.670515098,66.00039397,-18.15147888,-27.83191592
S5U97,Sampiruhan,September,5,1528.586,0.668876522,26.71677928,-5.266271802,-19.55542664
S4U279,Sampiruhan,September,4,2200.591,0.668414209,41.39252253,-7.271859231,27.94632398
S4U117,Sampiruhan,September,4,1525.469,0.668334158,48.40450201,10.42321212,45.01114167
S4U120,Sampiruhan,September,4,769.245,0.667857828,42.95621692,-23.37112934,-1.249365239
S4U278,Sampiruhan,September,4,673.337,0.666894583,60.53793106,-7.663560488,48.41788367
S5U39,Sampiruhan,September,5,2991.453,0.666562853,95.38453358,-4.031744608,4.046621461
S4U186,Sampiruhan,September,4,973.841,0.666229289,79.96907006,-11.06863154,27.64789596
S1U28,Sampiruhan,September,1,1196.024,0.664952687,69.51897059,-7.030351127,12.3955341
S4U197,Sampiruhan,September,4,1662.942,0.664672043,68.22595365,-11.24063129,26.9801891
S4U269,Sampiruhan,September,4,1125.412,0.664051858,32.59478655,2.777596123,30.63192331
S4U299,Sampiruhan,September,4,2467.27,0.663780562,41.43149344,-11.77313615,33.70124228
S4U409,Sampiruhan,September,4,1331.992,0.66335256,79.22641301,-7.010852812,21.91338503
S3U12,Sampiruhan,September,3,1637.792,0.662666449,39.42772483,-3.702711825,14.84564178
S4U50,Sampiruhan,September,4,1840.796,0.661817373,80.27620286,-7.457860672,24.98321151
S4U116,Sampiruhan,September,4,1398.945,0.661138244,43.08953798,-11.25979485,28.3009069
S4U217,Sampiruhan,September,4,801.216,0.658148012,67.14242063,-19.50361746,31.20687299
S4U49,Sampiruhan,September,4,2448.93,0.655353802,77.00383297,-20.413264,-24.58384297
S4U139,Sampiruhan,September,4,1083.577,0.654713424,62.75109867,-3.932008067,41.64972373
S5U256,Sampiruhan,September,5,816.719,0.654615262,40.13487732,-17.15838379,8.817088543
S4U51,Sampiruhan,September,4,2298.081,0.65442269,85.44394874,-4.513475041,4.134323403
S1U19,Sampiruhan,September,1,3067.758,0.654303726,95.7428461,-0.104731525,-0.584791045
S5U156,Sampiruhan,September,5,1804.741,0.65429277,24.31462046,-2.672355071,0.795750032
S4U213,Sampiruhan,September,4,1378.068,0.653161554,76.94212504,-12.35332179,14.21282177
S5U77,Sampiruhan,September,5,1848.123,0.652383205,65.05520302,-6.451739072,27.12750801
S4U203,Sampiruhan,September,4,751.115,0.652244771,69.45392737,-12.53281195,54.82640775
S4U229,Sampiruhan,September,4,878.626,0.65197044,41.63233267,-14.37778892,21.7585679
S5U101,Sampiruhan,September,5,2343.011,0.650493624,76.21797838,-5.11495258,15.50215859
S4U368,Sampiruhan,September,4,1492.01,0.648592191,35.71455459,-8.379911308,22.32522733
S5U80,Sampiruhan,September,5,1454.483,0.64712124,44.22056042,-17.21789891,12.80890798
S4U306,Sampiruhan,September,4,943.493,0.646524173,35.57325616,-11.74169829,26.62421711
S4U88,Sampiruhan,September,4,673.083,0.6462183,26.82089735,-1.520928658,-23.92679216
S5U10,Sampiruhan,September,5,1825.495,0.645118547,39.6793705,-13.23474683,14.35844615
S4U248,Sampiruhan,September,4,935.595,0.644792587,43.43156729,-9.220145519,25.43476626
S4U370,Sampiruhan,September,4,1441.091,0.644155475,41.83686376,-8.980189661,24.49892238
S5U187,Sampiruhan,September,5,683.588,0.64408339,66.41790889,-9.007013813,26.73773357
S4U389,Sampiruhan,September,4,429.386,0.643765371,36.23682426,-20.48200704,30.33063818
S4U256,Sampiruhan,September,4,928.31,0.64340978,63.56380407,-7.01592645,35.87308721
S4U251,Sampiruhan,September,4,985.119,0.641929785,42.91079019,-2.005278143,31.14333701
S4U106,Sampiruhan,September,4,1193.535,0.640734122,45.24736171,-20.12423,8.217884717
S4U36,Sampiruhan,September,4,3360.522,0.64069757,65.56079806,-22.48800937,-18.46042747
S1U41,Sampiruhan,September,1,1079.294,0.639537688,42.71306254,-4.673402789,26.91638442
S4U383,Sampiruhan,September,4,1381.114,0.639206166,39.30084204,-9.121544283,21.14109836
S4U247,Sampiruhan,September,4,803.073,0.637472924,39.03683578,-12.37962568,15.91110637
S1U42,Sampiruhan,September,1,1036.258,0.637235334,59.58971152,-3.816939475,32.38833095
S5U263,Sampiruhan,September,5,846.369,0.637106571,41.27674065,-5.269524337,20.94952469
S4U253,Sampiruhan,September,4,1027.848,0.636268456,42.27970101,-6.72661455,25.14821413
S4U394,Sampiruhan,September,4,909.546,0.634230224,42.22885668,-9.101357306,25.00805735
S5U28,Sampiruhan,September,5,3534.516,0.633949088,87.84702232,-3.10214411,3.448553145
S4U267,Sampiruhan,September,4,964.883,0.633289707,49.65711361,0.722545782,37.93641184
S5U203,Sampiruhan,September,5,2226.053,0.632997683,41.151281,-5.978775661,21.93820637
S5U34,Sampiruhan,September,5,3534.34,0.632344363,84.30610748,-21.74354014,-9.658620109
S4U91,Sampiruhan,September,4,865.121,0.630734122,55.29258478,-27.97342309,10.73120119
S4U320,Sampiruhan,September,4,1218.148,0.630486928,40.5915097,-17.44589676,14.32470708
S5U267,Sampiruhan,September,5,1690.229,0.630065249,39.61868881,-7.090276844,16.84606953
S4U110,Sampiruhan,September,4,1258.276,0.62892771,67.37881548,-2.423291645,26.59933167
S4U218,Sampiruhan,September,4,577.851,0.627251971,33.15029893,8.349831311,37.41122965
S5U100,Sampiruhan,September,5,800.709,0.62666001,38.06604759,-15.49383727,14.49451237
S4U187,Sampiruhan,September,4,1489.505,0.626158162,68.22713283,-11.87503593,34.97966069
S4U121,Sampiruhan,September,4,889.471,0.625896371,42.70900359,-26.33760241,8.0741155
S4U407,Sampiruhan,September,4,1427.819,0.624986386,92.96081284,-36.05031273,-12.16237952
S4U47,Sampiruhan,September,4,3219.77,0.624296189,78.22437633,-4.986029955,6.432687955
S5U246,Sampiruhan,September,5,1577.575,0.623774513,58.26741786,-3.450614184,17.77949813
S5U155,Sampiruhan,September,5,1847.841,0.623409101,19.65918651,3.875093339,-26.73570758
S3U22,Sampiruhan,September,3,600.119,0.623394835,59.49071376,-16.70869465,-16.91888994
S5U195,Sampiruhan,September,5,760.976,0.623355273,78.23825575,-4.874143269,23.2527312
S4U332,Sampiruhan,September,4,285.207,0.621472924,36.06904717,-12.15081105,9.287865316
S5U278,Sampiruhan,September,5,722.113,0.621235964,60.19231229,-0.18674023,22.26071419
S2U19,Sampiruhan,September,2,3646.772,0.621014788,80.38078498,-5.465982601,-4.520907735
S4U373,Sampiruhan,September,4,1497.859,0.620362975,41.68877739,-8.779341319,13.03423084
S5U88,Sampiruhan,September,5,721.906,0.619228634,40.18703498,-3.416656801,35.09484587
S4U222,Sampiruhan,September,4,806.122,0.618446603,64.47054303,-11.83586476,33.2045862
S4U29,Sampiruhan,September,4,2971.408,0.617946792,71.91925649,-1.510534919,3.236234614
S4U406,Sampiruhan,September,4,2935.775,0.617205888,72.52382504,-26.86637242,-17.86219278
S4U241,Sampiruhan,September,4,2683.271,0.616237809,41.967748,-4.3955079,28.21843513
S5U293,Sampiruhan,September,5,2181.934,0.612441485,70.84657638,-8.064607114,-1.264218277
S1U47,Sampiruhan,September,1,781.146,0.611811255,77.6570852,-9.220602432,19.63616264
S4U339,Sampiruhan,September,4,1544.374,0.610656437,42.10644103,-9.373317323,20.18565018
S1U40,Sampiruhan,September,1,2249.506,0.610230485,41.66245562,-7.862422023,26.02082023
S5U65,Sampiruhan,September,5,1536.001,0.610073708,34.30957538,0.773874277,32.00549842
S4U386,Sampiruhan,September,4,1153.596,0.609611095,37.77195436,-7.081222413,33.63402861
S5U151,Sampiruhan,September,5,832.528,0.609014788,21.83741076,14.88064793,-42.91413565
S5U73,Sampiruhan,September,5,2245.021,0.608698065,59.94003486,-12.46037502,43.80746345
S4U318,Sampiruhan,September,4,1202.512,0.608588309,39.75246183,-17.68189088,14.9643293
S4U286,Sampiruhan,September,4,1586.16,0.60607714,36.58356465,4.73473513,40.59345388
S5U95,Sampiruhan,September,5,1619.353,0.604944497,80.79959508,-7.901107005,19.3025713
S5U291,Sampiruhan,September,5,3503.829,0.604836711,93.32514625,0.599956961,8.442638359
S4U89,Sampiruhan,September,4,2592.705,0.604768555,78.45963888,-18.32001733,19.49501111
S2U32,Sampiruhan,September,2,1069.132,0.601561889,61.59909867,-18.30514906,-12.56639131
S4U113,Sampiruhan,September,4,869.525,0.598112142,44.12904241,-12.14998186,4.323565126
S4U215,Sampiruhan,September,4,1641.702,0.595896866,70.93000002,-12.36453842,6.01256458
S5U40,Sampiruhan,September,5,4309.271,0.593205829,90.86465305,-4.426179591,8.410591052
S5U164,Sampiruhan,September,5,2046.912,0.593081181,40.17657828,0.661320412,-40.0529062
S5U78,Sampiruhan,September,5,788.482,0.59284057,64.29631425,-3.218306363,32.70443659
S4U101,Sampiruhan,September,4,1903.195,0.592581614,81.3326439,-16.32498294,2.670065823
S4U27,Sampiruhan,September,4,4499.087,0.592484607,84.42208996,-4.361086113,4.770658722
S1U29,Sampiruhan,September,1,1725.679,0.591190136,57.00653896,-21.21585675,-10.97257421
S4U169,Sampiruhan,September,4,2167.4,0.591161554,81.60080864,-8.098074253,25.76039327
S4U272,Sampiruhan,September,4,680.185,0.59075736,43.98541791,-15.63242516,33.53506398
S5U3,Sampiruhan,September,5,4503.761,0.590187115,83.54671415,-5.735745012,9.901051361
S4U327,Sampiruhan,September,4,1070.668,0.589671924,39.8912571,-6.686518126,30.48057723
S5U26,Sampiruhan,September,5,3678.77,0.589320656,88.16807367,-5.339844206,6.542654463
S5U90,Sampiruhan,September,5,729.871,0.587847059,40.97514289,-19.15088617,6.313022819
S5U102,Sampiruhan,September,5,1295.597,0.587177256,38.70420126,-1.898187605,24.09442926
S4U345,Sampiruhan,September,4,1594.783,0.586397676,39.61742594,-10.12185895,27.83397419
S4U167,Sampiruhan,September,4,963.472,0.584825642,80.11754128,-11.68459653,22.52600053
S5U135,Sampiruhan,September,5,846.461,0.584353802,65.1556579,-7.778823195,7.148988714
S4U114,Sampiruhan,September,4,2075.739,0.584263405,41.37190552,-17.90069388,17.19150378
S5U197,Sampiruhan,September,5,2542.035,0.582081181,40.85502433,-4.875398176,15.59368955
S4U83,Sampiruhan,September,4,824.858,0.580838303,85.00901069,-25.77931781,22.21943954
S5U282,Sampiruhan,September,5,1820.761,0.579539773,33.36307221,2.478165275,28.32962765
S4U159,Sampiruhan,September,4,557.733,0.578728542,69.96268123,-8.819712506,36.83022848
S4U291,Sampiruhan,September,4,1171.212,0.577834193,62.32977618,-10.89339022,29.31126062
S4U321,Sampiruhan,September,4,1537.847,0.577561899,37.25988597,-15.95766007,20.60100587
S4U359,Sampiruhan,September,4,1789.928,0.577230485,40.49795999,-7.610127329,27.35819832
S4U98,Sampiruhan,September,4,1382.165,0.576438921,83.05224964,-21.59795523,11.01029532
S5U161,Sampiruhan,September,5,2094.318,0.575036736,41.71852101,-7.186520289,20.90078256
S5U279,Sampiruhan,September,5,1045.226,0.573114917,38.91569731,-21.77912699,4.508983995
S5U270,Sampiruhan,September,5,1589.458,0.572776697,38.52831662,-24.87634477,8.216783651
S5U141,Sampiruhan,September,5,879.632,0.571750163,61.53520546,-3.545422667,30.63942209
S4U122,Sampiruhan,September,4,1616.807,0.571487331,72.5966013,-8.871647301,18.4236726
S2U33,Sampiruhan,September,2,1589.142,0.57067791,61.19869393,-7.949512862,44.04493191
S2U20,Sampiruhan,September,2,2735.031,0.567826824,83.89106905,0.52292932,-0.231553471
S5U129,Sampiruhan,September,5,1665.53,0.567613364,44.09919681,-7.165106014,17.04969569
S4U135,Sampiruhan,September,4,1410.261,0.567136495,42.19044391,-8.937359486,20.31124281
S5U199,Sampiruhan,September,5,1166.554,0.564862457,38.52480039,-0.723677362,23.31278929
S4U277,Sampiruhan,September,4,1614.057,0.563669278,57.07662238,-19.51147572,12.87037599
S1U26,Sampiruhan,September,1,992.598,0.563242423,43.96207304,-6.528486398,26.21153474
S5U268,Sampiruhan,September,5,1616.174,0.561960958,39.54169477,-2.096548891,27.45989616
S4U346,Sampiruhan,September,4,840.167,0.560936943,41.54889568,-6.812621727,33.52650084
S5U244,Sampiruhan,September,5,1309.199,0.560311973,60.15700446,-2.240932407,23.27920267
S5U61,Sampiruhan,September,5,1659.595,0.559441485,73.72340428,-6.733920305,16.79782633
S1U23,Sampiruhan,September,1,1315.435,0.559091502,63.01387383,-31.9850969,-2.090539322
S4U410,Sampiruhan,September,4,2180.117,0.559055092,78.34728148,-16.12238323,-3.944750912
S4U236,Sampiruhan,September,4,706.364,0.558215281,56.00956729,-5.648276572,24.78983196
S4U60,Sampiruhan,September,4,4649.574,0.557301319,80.01392545,-4.350708785,0.384561766
S4U335,Sampiruhan,September,4,1472.939,0.556477473,38.75027741,-8.147721008,27.92504659
S4U143,Sampiruhan,September,4,1489.318,0.555661306,60.8130857,-8.39007573,22.90469379
S5U245,Sampiruhan,September,5,1216.553,0.554707008,75.09442301,-3.697349952,17.73686134
S4U210,Sampiruhan,September,4,581.017,0.554089211,41.33346957,-13.25858458,16.0528395
S4U315,Sampiruhan,September,4,1096.348,0.552571719,39.01754154,-16.05287887,31.19392146
S4U142,Sampiruhan,September,4,686.037,0.550516615,77.87117501,-8.624288083,24.78742667
S4U364,Sampiruhan,September,4,1081.103,0.549464801,39.47324772,-8.227454137,21.39672491
S5U200,Sampiruhan,September,5,1438.07,0.54868341,66.42172869,-7.508666488,11.25146634
S5U43,Sampiruhan,September,5,4172.731,0.548386009,60.40132441,-2.520010007,1.37091362
S2U24,Sampiruhan,September,2,4325.234,0.548283286,66.791672,-23.48728186,-21.06935473
S1U43,Sampiruhan,September,1,1599.72,0.54751479,62.7280442,-6.484894059,23.93075318
S1U24,Sampiruhan,September,1,1457.19,0.545680058,60.86589804,-5.674361486,41.76144454
S4U348,Sampiruhan,September,4,1139.073,0.545412471,39.31401571,-16.37832535,26.13391013
S4U68,Sampiruhan,September,4,3508.895,0.545078659,86.46426845,-4.848595818,5.10273967
S4U123,Sampiruhan,September,4,795.219,0.544211079,72.98643664,-7.174146848,21.19906802
S5U62,Sampiruhan,September,5,1469.001,0.543747321,44.53796588,-4.073202119,8.11609713
S5U72,Sampiruhan,September,5,1763.31,0.543396522,42.13731138,-10.62174899,11.80867778
S4U392,Sampiruhan,September,4,1735.657,0.541547677,34.12079934,-7.916100717,22.6224
S4U145,Sampiruhan,September,4,2254.183,0.539510632,86.7129248,-6.012194881,10.78072737
S4U112,Sampiruhan,September,4,1241.965,0.538090899,54.54167659,-14.39309888,13.97155303
S5U130,Sampiruhan,September,5,1179.355,0.537951073,60.87104388,-2.833827439,27.57698847
S4U190,Sampiruhan,September,4,1794.971,0.537828328,81.77528588,-9.98174198,16.90110193
S5U241,Sampiruhan,September,5,1219.514,0.535307033,60.42166182,-8.038173994,18.43533823
S4U109,Sampiruhan,September,4,1633.462,0.533871683,70.90838525,-9.507331967,13.7940311
S4U366,Sampiruhan,September,4,954.726,0.531549584,35.97473664,-9.165666804,21.46187016
S4U81,Sampiruhan,September,4,1170.287,0.5302183,64.01212679,-28.2727737,0.579938377
S4U63,Sampiruhan,September,4,4233.065,0.529451427,83.9455353,-5.235708407,7.273587648
S5U109,Sampiruhan,September,5,2245.402,0.527384444,44.18049459,-6.540666555,14.78990869
S5U105,Sampiruhan,September,5,1413.755,0.525885462,41.39312424,-20.59348628,20.69416528
S5U142,Sampiruhan,September,5,1291.165,0.524050597,76.40356867,-7.127450596,9.178397475
S5U252,Sampiruhan,September,5,1712.595,0.523861736,41.28629671,-4.717753807,14.98947082
S4U173,Sampiruhan,September,4,1565.321,0.523605699,76.0252521,-8.483104585,44.66944119
S4U69,Sampiruhan,September,4,3540.79,0.523222992,85.84968761,-4.339754478,4.738356502
S5U276,Sampiruhan,September,5,1109.121,0.523034343,35.08385814,1.359351687,16.94028066
S1U39,Sampiruhan,September,1,461.564,0.520378263,61.83971209,-2.279519668,33.24389542
S5U289,Sampiruhan,September,5,3392.038,0.51918514,89.90398363,0.235797129,16.08646573
S5U202,Sampiruhan,September,5,1946.297,0.518074508,39.12342181,-3.627920242,20.46871654
S4U296,Sampiruhan,September,4,875.372,0.517569177,40.92955566,-15.52281216,-4.161030369
S4U118,Sampiruhan,September,4,1272.332,0.515871395,67.84498726,-11.97644992,13.76957387
S4U105,Sampiruhan,September,4,870.108,0.515549797,86.93154789,-21.38010786,27.62672164
S4U211,Sampiruhan,September,4,837.203,0.514747366,45.9112572,-15.17867966,21.67077498
S5U277,Sampiruhan,September,5,1733.128,0.514488905,36.54019989,3.638491379,22.61507909
S4U73,Sampiruhan,September,4,3052.013,0.512919207,82.50832761,-5.088554329,5.69674311
S4U97,Sampiruhan,September,4,1485.664,0.511130121,82.94893007,-19.52679527,5.536434543
S5U56,Sampiruhan,September,5,1762.707,0.505896371,37.80730904,-2.107648132,22.9111282
S4U387,Sampiruhan,September,4,695.809,0.505378263,37.08826201,-13.65645231,11.3248865
S5U55,Sampiruhan,September,5,3070.535,0.503962921,87.55402624,-4.467412198,2.987706331
S5U106,Sampiruhan,September,5,543.168,0.503645983,71.78905127,-5.232619138,36.2158541
S4U329,Sampiruhan,September,4,724.855,0.503071728,36.8067705,-5.404182929,30.00028169
S5U255,Sampiruhan,September,5,1898.552,0.502058049,35.92829066,-12.93694114,9.070664088
S5U136,Sampiruhan,September,5,810.665,0.500920398,80.1853204,-5.459461722,17.94337795
S4U205,Sampiruhan,September,4,749.15,0.49983987,78.57064316,-13.75041385,18.67868413
S4U99,Sampiruhan,September,4,1023.17,0.499599668,92.08034241,-9.593294425,34.01435503
S5U207,Sampiruhan,September,5,739.163,0.499482013,60.19521363,-7.132488467,42.37481867
S4U207,Sampiruhan,September,4,1599.479,0.499062773,82.54129363,-8.089759307,18.57595471
S4U302,Sampiruhan,September,4,1240.53,0.498269622,43.35914925,-8.648816006,14.18461205
S4U363,Sampiruhan,September,4,1793.738,0.495738335,40.27278918,-8.648289183,25.33802106
S5U81,Sampiruhan,September,5,1315.086,0.492564892,39.04009229,-0.276391588,23.4195271
S4U336,Sampiruhan,September,4,1119.848,0.490076917,38.97349456,-6.900025949,26.57018342
S5U112,Sampiruhan,September,5,1263.566,0.489003197,43.91460684,-6.17415158,18.60155908
S5U113,Sampiruhan,September,5,1933.027,0.488805519,39.61420597,-3.56181264,24.64710636
S5U123,Sampiruhan,September,5,4180.587,0.487971817,63.5491553,-25.82291389,-18.20726471
S4U334,Sampiruhan,September,4,894.183,0.487744889,40.43886415,-7.584544293,22.69908415
S4U102,Sampiruhan,September,4,790.089,0.486588752,80.11750946,-16.89601748,17.59332345
S2U30,Sampiruhan,September,2,4207.748,0.484907142,90.99220028,0.746115563,-1.886295858
S2U25,Sampiruhan,September,2,4326.225,0.483160098,93.34802715,0.041638936,0.041453926
S5U186,Sampiruhan,September,5,1216.233,0.482909199,60.06373138,-14.80167971,-8.548050053
S4U372,Sampiruhan,September,4,1272.402,0.479894583,36.39318315,-9.16063856,21.42105963
S3U16,Sampiruhan,September,3,1768.086,0.477393965,31.32396186,-11.03896378,-18.85434695
S5U166,Sampiruhan,September,5,1741.358,0.477239425,72.92892058,-8.932233835,17.25413686
S4U295,Sampiruhan,September,4,1071.281,0.477055092,40.54106327,-3.843480791,37.84100663
S5U242,Sampiruhan,September,5,1128.728,0.476142353,63.63971495,-0.729680799,29.73877371
S4U140,Sampiruhan,September,4,1896.161,0.475870942,74.79767775,-9.251867698,22.61370191
S4U262,Sampiruhan,September,4,1760.05,0.475562769,36.69164794,1.816622138,33.78818665
S4U163,Sampiruhan,September,4,914.052,0.473935856,67.75445202,-14.11810382,31.64100655
S4U227,Sampiruhan,September,4,1516.339,0.472929785,44.00634793,-11.08959579,34.74969502
S5U152,Sampiruhan,September,5,1771.601,0.472667725,38.30861763,-28.58499762,2.895354068
S4U246,Sampiruhan,September,4,1068.717,0.472293977,30.45874418,4.871230725,29.29410679
S4U365,Sampiruhan,September,4,1049.909,0.469681077,36.51675619,-18.09084264,21.91679578
S4U357,Sampiruhan,September,4,1042.055,0.469397223,42.58028925,-9.070507661,20.83472106
S5U190,Sampiruhan,September,5,1155.474,0.468041149,42.09711767,-13.21861795,-5.446709669
S5U149,Sampiruhan,September,5,1251.08,0.466558762,35.30114361,-24.37832611,5.453592258
S5U175,Sampiruhan,September,5,2670.165,0.465687589,40.50178215,-13.19242671,14.29512794
S1U30,Sampiruhan,September,1,2326.527,0.464990307,38.96201903,-9.831763866,9.129532745
S4U149,Sampiruhan,September,4,1914.479,0.464341093,88.63608347,-6.460046826,22.53763811
S4U411,Sampiruhan,September,4,2894.492,0.462358538,76.4967471,-26.81509908,-3.610604966
S4U326,Sampiruhan,September,4,1774.536,0.462045655,38.4316585,-13.16551724,12.61314645
S5U126,Sampiruhan,September,5,1698.143,0.461945657,41.93910447,-14.55078777,-2.631334609
S5U83,Sampiruhan,September,5,1645.373,0.460868038,61.00426898,-5.400694802,21.56841698
S5U27,Sampiruhan,September,5,3488.029,0.46062539,85.80509524,-4.857339049,7.337747217
S5U185,Sampiruhan,September,5,1657.771,0.459437245,17.04189366,23.72582141,-47.52029177
S5U148,Sampiruhan,September,5,669.537,0.459028294,32.57445643,-25.71844292,1.463761069
S5U132,Sampiruhan,September,5,1019.699,0.458415261,41.99958736,-8.417219646,28.67534029
S5U172,Sampiruhan,September,5,1723.011,0.457014237,41.03458304,-10.30459362,15.10613316
S4U361,Sampiruhan,September,4,1391.907,0.456334577,36.46463814,-4.825730009,26.85856895
S5U8,Sampiruhan,September,5,1869.884,0.454374782,38.92335427,-19.72766276,9.490964215
S5U140,Sampiruhan,September,5,1957.147,0.454154879,40.99186394,0.769234407,27.71909041
S4U181,Sampiruhan,September,4,732.119,0.453800635,39.96712882,-8.79827929,8.744950367
S4U154,Sampiruhan,September,4,1948.341,0.452899917,40.42052987,-3.699201395,25.11609707
S5U122,Sampiruhan,September,5,2824.718,0.451363247,32.81163246,-5.385143879,16.11414085
S4U148,Sampiruhan,September,4,1059.798,0.451280962,80.06514411,-6.973888262,27.88655258
S4U261,Sampiruhan,September,4,1672.023,0.450752201,64.49484282,-2.016040048,29.22127698
S4U124,Sampiruhan,September,4,1026.688,0.447109943,42.34377888,-8.36343134,1.762518441
S4U208,Sampiruhan,September,4,2213.088,0.443993917,72.80625281,-14.22371146,52.90627737
S4U206,Sampiruhan,September,4,1320.986,0.440587223,58.26148129,-15.60536767,0.84058185
S5U288,Sampiruhan,September,5,1763.951,0.440546819,42.77139711,-6.906089756,8.539129453
S4U199,Sampiruhan,September,4,2354.489,0.440081323,70.67589425,-10.30974695,10.11997493
S2U37,Sampiruhan,September,2,1257.968,0.439797964,41.50464342,-11.23165384,6.003265789
S4U384,Sampiruhan,September,4,1905.097,0.438236414,35.45850776,-3.979126728,34.97526392
S3U14,Sampiruhan,September,3,1054.549,0.4381579,33.50621661,-13.64601383,-16.11572854
S4U360,Sampiruhan,September,4,1544.418,0.437049269,37.79244751,-9.177542766,34.05481669
S5U99,Sampiruhan,September,5,1084.793,0.436928278,31.69455719,6.083098195,35.79291582
S4U301,Sampiruhan,September,4,1299.125,0.43637082,39.64461653,-5.419826095,24.04785012
S4U380,Sampiruhan,September,4,756.253,0.435028294,40.55511717,-9.185152016,23.38690001
S5U66,Sampiruhan,September,5,1737.453,0.433890803,63.93877965,-26.47077496,1.065877733
S4U146,Sampiruhan,September,4,1309.866,0.433277328,81.74413261,-3.413536546,20.75340559
S5U52,Sampiruhan,September,5,3578.864,0.432996555,84.4395417,-20.53149965,1.283394002
S4U134,Sampiruhan,September,4,1030.743,0.432928108,37.86037574,-23.38440248,4.186456953
S4U264,Sampiruhan,September,4,607.394,0.43184396,63.82857929,-26.97292133,-14.96433254
S2U34,Sampiruhan,September,2,1401.81,0.430849105,40.48458359,-16.79860607,3.180885566
S4D18,Sampiruhan,September,4,1936.943,0.429392209,34.92191021,-13.30130275,-12.65218037
S5U76,Sampiruhan,September,5,1053.361,0.428106806,63.22658156,-5.808044736,22.97303976
S5U59,Sampiruhan,September,5,1523.566,0.427172151,77.21898629,-5.37147579,13.67454657
S4U162,Sampiruhan,September,4,2314.877,0.426779138,41.25728555,-8.963920607,13.63448689
S4U304,Sampiruhan,September,4,2210.417,0.426213655,32.52823078,11.72981319,20.5988333
S4U184,Sampiruhan,September,4,1621.449,0.425192876,78.15744609,-10.32125041,19.24440527
S5U70,Sampiruhan,September,5,1135.628,0.424030105,77.22319409,-3.914510028,16.9738797
S4D19,Sampiruhan,September,4,1220.991,0.423942397,83.08775681,-10.04228056,55.76523315
S5U103,Sampiruhan,September,5,1887.195,0.423769104,62.72442514,-4.588134525,23.4205077
S3U5,Sampiruhan,September,3,2073.79,0.423068148,84.01926309,-10.28374908,-6.689137932
S5U75,Sampiruhan,September,5,1182.077,0.422798568,71.98665681,-5.576243141,10.46379416
S4U12,Sampiruhan,September,4,1845.376,0.421145304,66.4372648,-0.38414616,-2.119283835
S4U355,Sampiruhan,September,4,1031.128,0.420459091,58.23854497,-9.920376225,23.79280533
S4U273,Sampiruhan,September,4,1531.041,0.420428292,57.82490308,-20.17704202,18.46957871
S4U354,Sampiruhan,September,4,1434.358,0.420386931,43.52632657,-7.00922205,31.18123978
S5U114,Sampiruhan,September,5,2274.91,0.419814932,42.69528384,-6.183690319,18.70563292
S4U204,Sampiruhan,September,4,931.495,0.41958218,84.08324345,-11.84923416,25.97381132
S4U188,Sampiruhan,September,4,1603.286,0.418375736,64.18948634,-12.76949294,26.32204506
S5U173,Sampiruhan,September,5,1968.718,0.418313163,77.48997434,-9.494078075,13.97772881
S5U117,Sampiruhan,September,5,975.864,0.415788009,36.43069962,2.621257507,32.00075491
S5U178,Sampiruhan,September,5,2016.636,0.414628074,74.03964094,-9.667159921,7.312112841
S5U74,Sampiruhan,September,5,2337.905,0.413821812,41.80970062,-6.483893709,18.07696149
S4U176,Sampiruhan,September,4,1827.254,0.412727596,77.50348014,-10.18898699,21.55057671
S5U243,Sampiruhan,September,5,1278.308,0.412200469,37.55127395,-16.06261641,-5.528180756
S5U210,Sampiruhan,September,5,1380.995,0.411965409,41.10742185,-3.710546735,16.57913608
S4U93,Sampiruhan,September,4,1691.511,0.411449262,67.33598627,-24.36638593,-9.597274742
S4U276,Sampiruhan,September,4,1520.85,0.41114854,42.67141283,-7.846898602,43.49908348
S4U322,Sampiruhan,September,4,364.571,0.410068148,43.87537256,-7.777608956,11.32020423
S4U305,Sampiruhan,September,4,447.344,0.409719776,34.62927697,7.268419034,40.15369183
S1U25,Sampiruhan,September,1,1418.486,0.409657871,64.43821929,-7.040809204,45.56715212
S4U119,Sampiruhan,September,4,1026.706,0.409492078,72.23889699,-10.59751132,17.32762727
S2U40,Sampiruhan,September,2,1522.691,0.408198979,72.39168242,-8.836001298,8.223944146
S5U183,Sampiruhan,September,5,2292.375,0.407354501,63.73062691,-9.031517335,23.5880324
S1U31,Sampiruhan,September,1,1620.138,0.407354501,47.98260829,3.780122891,42.41304959
S5U153,Sampiruhan,September,5,2489.558,0.40180616,70.08809476,-9.774142502,-3.545013419
S4U362,Sampiruhan,September,4,2642.253,0.401207405,35.20802899,-7.000558495,28.00049906
S5U159,Sampiruhan,September,5,1156.169,0.400779163,36.59045747,-12.86989176,0.620083924
S3U17,Sampiruhan,September,3,1039.415,0.4006159,44.13906793,-5.043429695,-36.15740904
S4U300,Sampiruhan,September,4,1973.476,0.400401993,60.14391482,-9.532622161,19.13805686
S4U298,Sampiruhan,September,4,1330.544,0.398237885,36.1747756,-14.97813999,-1.922534032
S1U27,Sampiruhan,September,1,752.078,0.39792611,40.5316224,-7.797947335,7.116811763
S4U182,Sampiruhan,September,4,744.579,0.397472924,66.6830955,-11.87671339,31.33968793
S5U273,Sampiruhan,September,5,2338.362,0.39709894,43.00137866,-4.584463562,17.97891929
S4U308,Sampiruhan,September,4,1292.066,0.397062615,35.56032505,-18.8573102,-1.636445543
S4U342,Sampiruhan,September,4,1033.674,0.396629176,34.78318187,-0.213853449,19.54857991
S5U196,Sampiruhan,September,5,2276.737,0.396489579,41.05851935,-1.718049981,-37.4527797
S3U19,Sampiruhan,September,3,1742.605,0.394829401,42.05212137,-2.790197286,13.08222017
S5U82,Sampiruhan,September,5,1791.471,0.394299095,42.39074227,-10.58613959,27.43267811
S2U26,Sampiruhan,September,2,2426.901,0.39265189,65.47663239,-15.16631031,-36.44424582
S4U223,Sampiruhan,September,4,1613.484,0.391972922,41.13658987,-8.539900741,27.01819495
S4U274,Sampiruhan,September,4,1036.072,0.390972426,38.43850527,-17.93400983,11.90764286
S5U91,Sampiruhan,September,5,910.685,0.390065261,44.23504646,-4.705305618,20.26174972
S5U201,Sampiruhan,September,5,1646.082,0.389212045,43.19976075,-4.98096468,11.02209278
S4U397,Sampiruhan,September,4,1442.933,0.388995817,42.48635314,-9.357944305,18.33564692
S4U152,Sampiruhan,September,4,944.577,0.388821337,57.45245308,-6.877578966,34.33289234
S4U351,Sampiruhan,September,4,664.941,0.386045494,39.13241694,-1.801760671,23.49150152
S5U188,Sampiruhan,September,5,1523.096,0.384860675,39.43733658,-4.427861053,2.481586623
S5U208,Sampiruhan,September,5,711.004,0.384139387,40.56619044,-10.1396912,10.19005581
S5U182,Sampiruhan,September,5,1135.502,0.383757579,76.23114694,-11.30246019,5.560885972
S4U103,Sampiruhan,September,4,977.214,0.383579735,86.61553904,-1.121746146,25.58864986
S1U35,Sampiruhan,September,1,1859.182,0.383182669,82.40253324,-6.653293801,15.1964858
S5U259,Sampiruhan,September,5,1426.447,0.383124683,49.28296049,0.621903226,42.3491983
S1U44,Sampiruhan,September,1,1606.458,0.379636915,42.24147844,-3.468657243,9.068810035
S4U178,Sampiruhan,September,4,666.98,0.379329287,71.14908111,-16.100695,-27.57664048
S4U195,Sampiruhan,September,4,992.561,0.378673457,77.0455086,-10.71944755,21.96764754
S4U400,Sampiruhan,September,4,622.576,0.378486859,29.08950463,8.447552032,24.46275042
S4U165,Sampiruhan,September,4,1152.89,0.377608256,65.09612773,-11.95542732,26.48820672
S3U11,Sampiruhan,September,3,733.246,0.376066383,28.78176759,-5.2116303,-22.79766492
S4U191,Sampiruhan,September,4,584.923,0.375987252,72.4997019,-7.941904179,47.6360029
S4U347,Sampiruhan,September,4,1110.616,0.375971817,39.14835861,-14.26454708,17.82416406
S5U171,Sampiruhan,September,5,2327.033,0.372479987,43.14449386,-8.057327549,18.67896492
S5U157,Sampiruhan,September,5,2106.035,0.370401993,23.89703236,-2.919958113,4.224657881
S4U396,Sampiruhan,September,4,728.303,0.367747321,42.27526632,-8.500138278,20.43801369
S4D20,Sampiruhan,September,4,944.731,0.3672299,62.67372563,-10.23467253,-35.20182203
S5U64,Sampiruhan,September,5,1612.195,0.366759204,55.39454256,-23.52213574,20.11300689
S5U287,Sampiruhan,September,5,573.34,0.365193166,63.56262968,-1.278689391,32.32839544
S4U133,Sampiruhan,September,4,2131.341,0.362181467,61.18726371,-8.219498552,20.63061838
S4U323,Sampiruhan,September,4,769.492,0.361061161,62.05648793,-9.857527282,23.47069389
S4U82,Sampiruhan,September,4,1221.932,0.360989248,60.95635425,-12.42736922,-18.61456989
S5U169,Sampiruhan,September,5,1302.325,0.358267352,41.19283361,-30.78428097,2.763442566
S4U356,Sampiruhan,September,4,1703.649,0.358219373,40.01154843,-7.95590899,26.7276583
S4U70,Sampiruhan,September,4,3823.133,0.357397515,49.32270265,4.140248697,18.12734795
S5U137,Sampiruhan,September,5,1417.315,0.354571719,69.32990783,-5.673116644,8.250102307
S5U198,Sampiruhan,September,5,1338.781,0.353605739,40.34104263,-12.60524963,1.188617746
S5U124,Sampiruhan,September,5,1789.655,0.352965391,43.73713623,-9.963347376,5.007240783
S4U192,Sampiruhan,September,4,1456.431,0.352764987,84.90707418,-10.01094449,13.3998657
S4U235,Sampiruhan,September,4,2024.21,0.351729938,42.84866576,-19.10589148,21.51220673
S4U128,Sampiruhan,September,4,1910.315,0.35060361,78.08057525,-7.258041086,21.36024448
S4U180,Sampiruhan,September,4,903.89,0.349147322,58.06099368,-10.35138378,-36.25287286
S4U245,Sampiruhan,September,4,1145.918,0.346507024,59.81205416,-5.53062897,20.46436284
S5U281,Sampiruhan,September,5,1711.446,0.346343398,42.51716264,-7.316521469,21.38544598
S5U191,Sampiruhan,September,5,1746.195,0.342360448,35.84216614,-3.461306596,22.64702626
S5U258,Sampiruhan,September,5,1194.38,0.341579957,27.082174,27.47328587,36.71195682
S4U234,Sampiruhan,September,4,1976.524,0.341537081,35.56026854,9.243957572,39.87771095
S4U309,Sampiruhan,September,4,1222.774,0.340151109,32.91125593,-16.09561637,-8.772949951
S5U280,Sampiruhan,September,5,1239.652,0.339323205,61.91336292,-1.28100986,24.61399258
S4U144,Sampiruhan,September,4,1163.831,0.338670848,79.81388406,-7.397170887,18.98114625
S5U260,Sampiruhan,September,5,1283.085,0.338442431,31.54357056,-10.93422001,-12.73283399
S5U205,Sampiruhan,September,5,980.143,0.337417708,41.58700047,-5.301825733,15.39556762
S5U133,Sampiruhan,September,5,954.974,0.337235962,73.82244457,-6.202894742,16.40452837
S4U390,Sampiruhan,September,4,529.977,0.336730804,41.57978903,-8.028962299,22.4501514
S5U94,Sampiruhan,September,5,2320.587,0.336646255,60.48698322,-7.972564343,21.34373578
S5U179,Sampiruhan,September,5,2033.773,0.336238039,40.30529154,-12.71477002,22.37357891
S3U20,Sampiruhan,September,3,1239.785,0.336225606,68.52242346,-4.216186925,8.774981962
S5U253,Sampiruhan,September,5,1880.869,0.334970853,28.63567622,16.7223816,16.12465824
S5U214,Sampiruhan,September,5,1431.448,0.33392771,32.48211264,-12.30048129,-15.78160463
S4U86,Sampiruhan,September,4,1485.259,0.333828096,69.67613084,-20.85965788,-24.93964868
S4U138,Sampiruhan,September,4,1933.738,0.333283931,64.61985947,-5.21955044,31.46092967
S4U155,Sampiruhan,September,4,977.214,0.333236181,59.71705607,-6.466029442,25.9057192
S4U374,Sampiruhan,September,4,1013.346,0.332864064,40.85031774,-9.398669979,18.47643799
S5U79,Sampiruhan,September,5,1917.58,0.331972922,40.16688446,-14.82542083,11.35659378
S5U285,Sampiruhan,September,5,1229.014,0.329749855,42.38135749,-9.745545086,16.39157468
S4U189,Sampiruhan,September,4,1364.349,0.32882065,75.42105312,-13.28366299,19.61180839
S4U268,Sampiruhan,September,4,773.646,0.328454235,59.44193333,-4.997038383,15.41609741
S5U163,Sampiruhan,September,5,2148.926,0.327523699,39.03618598,0.459919181,-37.04343022
S5U145,Sampiruhan,September,5,1396.411,0.32614061,58.58527992,-14.33722021,-10.2095315
S5U63,Sampiruhan,September,5,1518.798,0.325964841,63.80225253,-3.602261964,30.41459415
S4U221,Sampiruhan,September,4,1075.155,0.325610539,58.22481096,-13.35143785,-27.44998684
S4U126,Sampiruhan,September,4,1151.024,0.325502355,38.55051847,-12.88032158,-3.350525756
S4U80,Sampiruhan,September,4,2276.109,0.325382154,78.02256408,-17.86020586,11.32199304
S5U89,Sampiruhan,September,5,1568.204,0.325236677,42.70767146,-4.950503424,6.654809906
S4U349,Sampiruhan,September,4,917.002,0.325079836,41.56312278,-6.452014095,28.74580394
S5U138,Sampiruhan,September,5,1684.417,0.324062773,41.68447328,-3.212173419,20.37663518
S4U328,Sampiruhan,September,4,624.18,0.323752296,44.57956427,-9.031386172,18.85029848
S5U204,Sampiruhan,September,5,646.702,0.323672126,37.10006853,-16.16002195,12.52087189
S4U259,Sampiruhan,September,4,587.18,0.323606798,43.48380362,-10.21426974,14.92293304
S5U269,Sampiruhan,September,5,2228.033,0.320899332,40.98286999,-3.919890066,12.14684084
S5U162,Sampiruhan,September,5,1002.097,0.319808846,22.69340249,3.876830224,-30.49905161
S4U185,Sampiruhan,September,4,1266.086,0.318971672,83.93849757,-10.03231622,18.39890248
S4U67,Sampiruhan,September,4,3748.064,0.317415045,73.18478497,1.809625024,-3.696414139
S4U316,Sampiruhan,September,4,718.106,0.317141945,34.50755876,-13.62674809,-10.75878194
S4U376,Sampiruhan,September,4,869.928,0.315965265,43.8517403,-9.096578273,24.84825153
S4U284,Sampiruhan,September,4,1071.081,0.314314022,62.74403535,-10.39279038,25.50776692
S4U132,Sampiruhan,September,4,1828.036,0.313324961,43.71747027,-22.58975137,10.7886138
S3U18,Sampiruhan,September,3,519.512,0.312838679,66.19017523,-17.53734965,-25.28885332
S4U194,Sampiruhan,September,4,898.431,0.312757449,83.26351039,-9.740423716,17.43807553
S3U9,Sampiruhan,September,3,521.529,0.312071728,39.27930787,2.979989016,-42.68488682
S4U147,Sampiruhan,September,4,1108.793,0.309549797,81.44861528,-6.555033524,20.25860032
S4U127,Sampiruhan,September,4,1206.084,0.30896357,79.01852432,-7.542509006,16.76226478
S5U165,Sampiruhan,September,5,1001.318,0.308561889,24.45297689,4.190431683,-32.88723254
S5U139,Sampiruhan,September,5,2127.802,0.307926459,38.9736008,-8.679902209,21.30771175
S4U312,Sampiruhan,September,4,457.402,0.30784396,29.15511295,-8.585982392,-19.65786789
S5U154,Sampiruhan,September,5,1566.951,0.305928108,39.83437,-12.9058951,-0.808049275
S4U166,Sampiruhan,September,4,1165.242,0.305697999,78.19297664,-11.84232384,17.6433211
S4U271,Sampiruhan,September,4,2033.407,0.304764787,41.82088316,-11.67974531,30.51902927
S5U119,Sampiruhan,September,5,1370.966,0.304596424,43.09161201,-5.569854303,11.46084775
S4U311,Sampiruhan,September,4,1103.352,0.304318567,36.68064666,-4.527177171,42.84159815
S4U314,Sampiruhan,September,4,1468.306,0.303849105,30.85221016,-12.31265437,-13.81969628
S5U250,Sampiruhan,September,5,1381.941,0.303719776,58.56534846,-1.742858577,14.81284229
S4U85,Sampiruhan,September,4,763.744,0.303485558,47.50706855,34.79381907,51.21547692
S3U15,Sampiruhan,September,3,1549.556,0.302374606,33.42444559,-12.43541953,-11.77201301
S4U95,Sampiruhan,September,4,1306.528,0.302034343,64.87345709,-11.40147618,29.46235909
S2U39,Sampiruhan,September,2,1818.745,0.301065093,73.61874845,-8.266098784,8.926129253
S2U42,Sampiruhan,September,2,1256.792,0.299307849,39.37906089,-6.748981659,1.729615072
S5U118,Sampiruhan,September,5,812.065,0.299283286,59.17549634,-5.246509295,24.64328431
S4U340,Sampiruhan,September,4,1719.978,0.299071391,61.15609362,-10.53425117,22.76605467
S5U68,Sampiruhan,September,5,792.951,0.298229289,41.56667654,-8.614152767,29.77192899
S4U250,Sampiruhan,September,4,1689.79,0.29809894,40.65923648,-4.232374551,20.73824686
S4U310,Sampiruhan,September,4,1014.211,0.297792587,32.88527551,-20.40258802,0.085940949
S4U385,Sampiruhan,September,4,1015.865,0.29766001,39.7658886,-8.69714007,19.4052649
S4U260,Sampiruhan,September,4,1562.313,0.297579957,71.65703043,-15.79287562,1.474807405
S5U212,Sampiruhan,September,5,2770.614,0.296245199,52.91488514,-23.16562655,6.809837459
S4U131,Sampiruhan,September,4,1118.995,0.296105642,38.6115604,-4.353219178,23.89323917
S4U193,Sampiruhan,September,4,1004.272,0.295757579,81.10284341,-10.03611545,19.68596828
S4U96,Sampiruhan,September,4,1268.42,0.294716464,83.8955622,-21.51263615,17.02735058
S4U77,Sampiruhan,September,4,1042.234,0.294400166,44.34109856,17.93611989,48.69685218
S4U78,Sampiruhan,September,4,1673.959,0.293326364,70.56213324,-19.69017396,-26.32136213
S5U86,Sampiruhan,September,5,1478.647,0.292109654,41.18083255,-3.655826542,20.27393359
S4U313,Sampiruhan,September,4,708.277,0.290149335,35.79302885,-0.40325184,35.51884182
S4U283,Sampiruhan,September,4,1554.738,0.289787125,73.95824613,-17.17559599,1.54708637
S4U317,Sampiruhan,September,4,1393.506,0.288580341,41.34590736,-17.93883726,15.96108612
S5U168,Sampiruhan,September,5,1065.146,0.28687887,37.28120723,-13.18243712,-2.755620518
S4U90,Sampiruhan,September,4,602.298,0.286733899,89.0241874,-21.3824302,9.082164135
S5U284,Sampiruhan,September,5,1127.981,0.286374782,41.00986571,-8.13615523,13.91256611
S5U84,Sampiruhan,September,5,972.528,0.286221348,43.34755396,-6.487415477,13.01397319
S5U275,Sampiruhan,September,5,1542.973,0.285870396,39.32119216,1.941642222,11.76469894
S4U367,Sampiruhan,September,4,1250.759,0.285516831,39.25402328,-5.500921053,26.97453599
S5U167,Sampiruhan,September,5,2058.475,0.284820774,30.75205489,-12.63765433,-15.26822949
S5U254,Sampiruhan,September,5,1322.802,0.28382065,40.19051076,-4.413411124,19.50331507
S5U283,Sampiruhan,September,5,2116.3,0.283084234,39.79682589,-9.118535696,3.545042687
S5U193,Sampiruhan,September,5,2462.174,0.281354311,22.55872505,28.32020863,24.57666569
S5U194,Sampiruhan,September,5,1117.927,0.28096357,64.19973136,-6.005096402,39.83624304
S5U108,Sampiruhan,September,5,838.302,0.278984546,62.31340451,-6.977675891,27.7629244
S4U382,Sampiruhan,September,4,1156.417,0.278486083,41.42369502,-8.785210355,21.63503742
S4U87,Sampiruhan,September,4,802.292,0.278267786,62.93878651,-14.21854016,-28.62683406
S4U108,Sampiruhan,September,4,1612.986,0.276341016,62.09925874,-5.518590364,20.29119315
S5U184,Sampiruhan,September,5,1282.807,0.275222992,76.42801814,-7.538953748,14.11771421
S4U337,Sampiruhan,September,4,1900.492,0.274835444,43.07174716,-8.627501862,20.92387374
S4U129,Sampiruhan,September,4,1984.28,0.27351327,61.51166543,-8.643805372,22.19094867
S4U388,Sampiruhan,September,4,637.77,0.268572792,39.00795129,-8.407806235,20.17641306
S5U69,Sampiruhan,September,5,1183.15,0.267641013,39.66110381,-3.215546585,22.97283764
S4D23,Sampiruhan,September,4,806.394,0.266614619,40.53262103,-14.98774045,10.65174059
S5U134,Sampiruhan,September,5,1171.746,0.266606798,38.36277729,-15.34218659,6.919296899
S4U79,Sampiruhan,September,4,1684.311,0.266071391,78.91461463,-19.02626421,12.59075451
S5U177,Sampiruhan,September,5,1047.624,0.265066691,69.98532828,-15.50507084,6.233895429
S4U280,Sampiruhan,September,4,1042.712,0.264502355,61.97711277,-10.25921627,23.35081163
S5U125,Sampiruhan,September,5,1182.906,0.26342684,66.94948913,-14.61173475,33.74106735
S4U252,Sampiruhan,September,4,1532.09,0.263409101,68.17878585,-15.91039484,11.38619967
S4U84,Sampiruhan,September,4,1531.763,0.262762852,67.68685489,-11.07608918,-36.81242496
S4U171,Sampiruhan,September,4,962.055,0.261759434,84.85552573,-7.605980171,22.41443974
S5U257,Sampiruhan,September,5,743.468,0.259453917,40.76243251,-1.705876755,20.35749848
S5U213,Sampiruhan,September,5,3127.438,0.256873257,56.36939704,-19.20338552,13.01551361
S4U164,Sampiruhan,September,4,1183.487,0.255341016,81.36301622,-10.1957781,16.30419641
S5U264,Sampiruhan,September,5,1855.816,0.254970853,43.33081225,-6.391038099,11.17794587
S4U265,Sampiruhan,September,4,2182.21,0.25318772,62.33127933,-10.66393686,26.58767585
S4U212,Sampiruhan,September,4,908.638,0.25310857,84.09972982,-10.54830987,13.82026779
S4U263,Sampiruhan,September,4,2138.684,0.251539773,75.03053061,-7.696868946,18.64209838
S1U33,Sampiruhan,September,1,1323.318,0.249157473,60.24525246,-9.612020975,25.98379739
S5U209,Sampiruhan,September,5,488.352,0.249112142,37.2055699,-12.66135898,8.41101762
S4U398,Sampiruhan,September,4,1628.239,0.248076535,42.38135749,-9.745545086,16.39157468
S5U127,Sampiruhan,September,5,995.834,0.243212966,61.56369743,-25.52577293,4.394272749
S4U228,Sampiruhan,September,4,900.465,0.24220199,71.9220968,-8.84816003,45.4232578
S5U67,Sampiruhan,September,5,1147.659,0.241676599,60.2438668,-7.14163078,19.90036904
S4U395,Sampiruhan,September,4,1116.714,0.241559155,60.69408711,-10.54222811,18.19509536
S4U174,Sampiruhan,September,4,590.939,0.2400927,77.6971314,-11.07836298,21.80302699
S4U288,Sampiruhan,September,4,865.642,0.239716464,40.95810264,-9.960861223,34.72037746
S4U358,Sampiruhan,September,4,1235.424,0.238565821,73.31757939,-10.96521959,19.94375773
S5U211,Sampiruhan,September,5,2115.867,0.238504284,40.66407252,-10.89986736,24.6311257
S4U289,Sampiruhan,September,4,1640.269,0.238356068,36.11012938,-6.514364074,25.21747429
S4U239,Sampiruhan,September,4,1084.549,0.237736021,57.97382888,-5.618715892,26.33967696
S4U243,Sampiruhan,September,4,784.035,0.237190438,40.8765028,-25.32171834,8.503770898
S4U214,Sampiruhan,September,4,876.15,0.235969599,33.12043982,4.271214423,13.67337818
S4U325,Sampiruhan,September,4,1873.696,0.235074508,38.69840403,-7.828117721,19.77594733
S4U240,Sampiruhan,September,4,1698.565,0.234447307,66.42118291,-9.35573161,10.65110474
S4U231,Sampiruhan,September,4,1186.06,0.234063508,40.23710147,-15.02680043,17.49607645
S4U266,Sampiruhan,September,4,1567.794,0.226832457,79.46436441,-6.909754853,14.71743293
S4U324,Sampiruhan,September,4,1382.894,0.225894583,41.20111476,-14.16399848,17.64288346
S4U244,Sampiruhan,September,4,1453.316,0.225796869,43.02495682,-6.076009393,13.17050407
S4U255,Sampiruhan,September,4,959.305,0.225526044,30.98647505,-7.94397247,12.90616313
S5U238,Sampiruhan,September,5,1724.572,0.223871211,61.44704737,-5.387334602,24.97088598
S4U293,Sampiruhan,September,4,1869.651,0.22334037,37.69530765,-8.733727019,19.59535762
S5U174,Sampiruhan,September,5,1006.092,0.222567829,31.42238912,-7.952646674,-19.30598114
S4U270,Sampiruhan,September,4,1020.072,0.222516615,40.95442835,-18.41206339,21.91364173
S5U176,Sampiruhan,September,5,2101.653,0.21822121,69.8170078,-14.25444144,4.896773117
S4U331,Sampiruhan,September,4,1464.509,0.217472839,42.90690173,-7.44765479,21.90583568
S2U29,Sampiruhan,September,2,3300.008,0.217142914,81.89355666,-0.331413223,-1.074481772
S5U121,Sampiruhan,September,5,1529.268,0.215951073,36.72868182,-1.629688116,28.97241198
S5U248,Sampiruhan,September,5,1560.11,0.215757579,41.48360122,-10.19490521,16.33479815
S4U378,Sampiruhan,September,4,779.322,0.215205888,38.08335371,-7.130738185,25.42666577
S5U180,Sampiruhan,September,5,2106.366,0.212222992,67.98779614,-8.781182009,9.020060955
S4U200,Sampiruhan,September,4,981.325,0.211476475,85.91185134,-10.47015069,14.84484781
S5U274,Sampiruhan,September,5,1370.362,0.21038933,39.3059675,-9.317297956,24.06280365
S4U158,Sampiruhan,September,4,930.598,0.210019223,80.22072318,-10.30174277,14.1178541
S5U181,Sampiruhan,September,5,1395.352,0.207814735,37.32914257,-20.06463883,14.59013622
S4U226,Sampiruhan,September,4,1601.876,0.20509894,61.98665132,-7.913678975,19.51306574
S5U266,Sampiruhan,September,5,1727.65,0.204046912,39.88778687,-11.09988867,5.498366257
S4U172,Sampiruhan,September,4,916.933,0.202817373,77.96418283,-7.923519814,22.25496876
S5U286,Sampiruhan,September,5,1641.437,0.201387363,40.70376467,-7.779618552,15.91475453
S4U198,Sampiruhan,September,4,1116.696,0.201228634,84.35891914,-9.156787346,13.15650565
S4U150,Sampiruhan,September,4,1345.721,0.200820651,64.49758978,-7.151247194,24.69637879
S5U120,Sampiruhan,September,5,1550.014,0.200450925,41.31376084,-5.78835614,6.447409067
S5U192,Sampiruhan,September,5,2316.929,0.197724375,33.22321496,7.428270641,3.663034114
S5U128,Sampiruhan,September,5,2382.604,0.197718235,42.14836787,-4.866623129,19.18090108
S4U232,Sampiruhan,September,4,1920.883,0.197229289,72.10283187,-9.223937894,15.51701124
S4U285,Sampiruhan,September,4,865.236,0.196307737,63.38091961,-14.98687946,55.71191068
S4U344,Sampiruhan,September,4,1441.721,0.195639455,41.43474863,-6.945136116,26.32398711
S5U107,Sampiruhan,September,5,876.914,0.195061161,38.03532494,-26.92054004,-1.833315343
S4U130,Sampiruhan,September,4,1581.811,0.194693331,79.43144458,-6.955157652,13.587519
S5U189,Sampiruhan,September,5,527.863,0.192803289,40.12429483,-30.28891597,5.505337226
S4U391,Sampiruhan,September,4,1578.72,0.192267526,34.23216198,-7.535078646,25.66246659
S4U115,Sampiruhan,September,4,1185.721,0.192085608,39.43194236,-4.923164788,32.11350382
S5U110,Sampiruhan,September,5,1302.287,0.191657092,43.6285297,-7.445748952,16.38822213
S4U257,Sampiruhan,September,4,963.387,0.190524624,40.99374937,-11.50001352,3.405910554
S5U96,Sampiruhan,September,5,1141.413,0.187289707,59.04193105,-4.555233238,31.64405168
S4U307,Sampiruhan,September,4,1119.64,0.186752989,33.42181997,-14.38116624,-14.98418361
S5U146,Sampiruhan,September,5,440.259,0.184773007,27.36205112,1.760914273,-26.92726811
S4U353,Sampiruhan,September,4,1559.849,0.184739275,60.04879082,-10.27210676,21.7986773
S4U136,Sampiruhan,September,4,1453.454,0.180502355,77.31887057,-8.835354809,17.00005252
S5U131,Sampiruhan,September,5,1763.422,0.180115775,59.61852217,-6.098150241,16.21136866
S5U147,Sampiruhan,September,5,2423.452,0.178951073,39.43638361,-27.11927093,9.469863168
S4U303,Sampiruhan,September,4,1580.479,0.176897124,40.32973115,-12.07115483,16.49628937
S4U292,Sampiruhan,September,4,1461.436,0.172918344,33.72133734,-2.692789391,-5.424382844
S4U294,Sampiruhan,September,4,1788.543,0.169539477,42.8685087,-9.776050635,21.78858086
S4U275,Sampiruhan,September,4,1777.579,0.169454228,41.17078302,-8.030991295,22.48953181
S5U158,Sampiruhan,September,5,2230.368,0.166612736,40.32030893,-10.13762737,19.52215683
S5U240,Sampiruhan,September,5,1538.645,0.157476475,68.02758726,-10.747311,11.27243932
S4U281,Sampiruhan,September,4,876.263,0.150492078,63.2369947,-9.71329383,24.54746284
S5U144,Sampiruhan,September,5,1569.535,0.150158016,41.17677709,-16.4432599,15.16118968
S5U115,Sampiruhan,September,5,1398.54,0.148569177,34.67223439,-9.117414289,-2.81370041
S4U153,Sampiruhan,September,4,1352.379,0.144633539,61.62283317,-4.768053049,27.98855056
S1D1,Sampiruhan,September,1,1667.6,0.142523699,24.50458531,-4.612207883,6.413484436
S5U150,Sampiruhan,September,5,829.634,0.140372772,37.66492982,-6.664077116,19.01201371
S4U338,Sampiruhan,September,4,1099.071,0.137391911,43.59782579,-8.148014495,22.81125592
S4U375,Sampiruhan,September,4,1379.395,0.135211754,35.58098341,-7.628791558,34.93322325
S5U143,Sampiruhan,September,5,830.327,0.1320933,38.39096881,-16.04503938,14.9321733
S5U262,Sampiruhan,September,5,1768.279,0.124222992,40.62843886,-16.03967893,4.021102963
S5U87,Sampiruhan,September,5,831.608,0.120808846,38.85532942,-12.26711247,5.210414338
S4U377,Sampiruhan,September,4,959.765,0.119203786,43.64738188,-18.36762968,13.77234582
S5U206,Sampiruhan,September,5,1289.365,0.095879611,71.32469455,-5.219524511,10.61471373
S2U38,Sampiruhan,September,2,1271.898,0.094825461,29.92018672,-5.716495224,3.058741836
S4U137,Sampiruhan,September,4,850.147,0.070537688,40.99702486,-10.83050421,18.63936952
T2U3,San Isidro,September,2,3420.827,0.887399967,94.93364562,-2.059607779,11.79681477
T2U4,San Isidro,September,2,2983.644,0.885404204,98.35067326,-1.47881987,4.318239887
T2U5,San Isidro,September,2,3392.527,0.850071391,96.53517685,-2.456779203,9.435157551
T1U11,San Isidro,September,1,2154.011,0.825062599,43.59294533,-11.5333437,12.0422944
T1U30,San Isidro,September,1,2599.896,0.781623118,41.23590624,-4.173480862,6.982759821
T1U8,San Isidro,September,1,2599.727,0.774547204,38.1161189,-25.09276967,9.471074328
T1U33,San Isidro,September,1,659.081,0.738380982,64.11814771,-9.603608307,31.1990359
T1U2,San Isidro,September,1,2305.296,0.734459199,40.8750285,-14.12278803,22.5056927
T4U6,San Isidro,September,4,4782.463,0.731715974,91.43858229,-2.194157768,30.75413572
T1U28,San Isidro,September,1,1175.727,0.724674336,40.93119186,-10.49318471,11.31402757
T2D1,San Isidro,September,2,4162.603,0.718204569,72.80658531,-3.083149693,7.841639632
T1U46,San Isidro,September,1,3191.851,0.700277635,49.34019516,23.94092609,18.73334892
T1U3,San Isidro,September,1,791.99,0.680081158,38.16838519,-16.16921432,4.136991501
T1U14,San Isidro,September,1,958.904,0.673121453,42.90275341,-27.20154186,4.094568876
T1U7,San Isidro,September,1,571.325,0.654416627,63.26478797,-2.948008044,36.14722234
T1U26,San Isidro,September,1,790.716,0.633065093,80.2090197,-5.906768304,23.86152533
T1U51,San Isidro,September,1,3796.937,0.630348377,59.8741788,-1.424098401,1.75986243
T1U27,San Isidro,September,1,863.145,0.615907725,43.1646623,-11.73287254,12.63612779
T1U31,San Isidro,September,1,803.114,0.614811029,79.74032547,-8.359739235,25.27477551
T4U13,San Isidro,September,4,2250.957,0.604594969,18.87863175,3.641064253,3.192445699
T4U12,San Isidro,September,4,4486.937,0.598249206,61.76074694,5.377123255,19.53132778
T3U7,San Isidro,September,3,2889.677,0.596960958,69.65392925,2.255340488,35.20127067
T5U8,San Isidro,September,5,1007.216,0.582158608,42.0533217,-8.738179796,39.26407588
T1U6,San Isidro,September,1,733.666,0.57474853,32.76222858,-13.82216353,-12.17089711
T1U5,San Isidro,September,1,2065.303,0.560861499,43.36050757,-21.75224467,6.065655545
T3U4,San Isidro,September,3,1348.301,0.552211079,36.59666262,-0.388392317,31.01690883
T1U16,San Isidro,September,1,1670.834,0.543374859,41.66972448,-9.378319666,18.40551181
T1U4,San Isidro,September,1,1038.19,0.536837822,55.64384849,-21.12864958,11.94098358
T1U1,San Isidro,September,1,949.823,0.536816313,40.46791538,-5.662056848,-33.59740313
T1U29,San Isidro,September,1,1349.862,0.529839849,40.86102454,-10.03788373,3.854396148
T1U10,San Isidro,September,1,906.953,0.526901166,38.89916094,-21.80179094,3.865582799
T1U21,San Isidro,September,1,860.285,0.526069294,44.79698863,-9.828333645,16.76462313
T3U1,San Isidro,September,3,2216.917,0.501682831,35.08897626,-12.98555098,9.123209516
T4U3,San Isidro,September,4,2202.329,0.482573719,38.74510426,-9.125949546,12.53208601
T1U19,San Isidro,September,1,1730.263,0.479660368,39.54827419,-19.9203373,1.752494891
T1U15,San Isidro,September,1,2388.229,0.476710679,26.55981751,-9.453690509,-15.24701466
T1U48,San Isidro,September,1,2448.033,0.465556686,68.26361772,0.299144206,5.122994641
T3U6,San Isidro,September,3,1258.052,0.442977946,37.2055699,-12.66135898,8.41101762
T1U13,San Isidro,September,1,2064.93,0.439065973,38.43567888,-6.649716844,15.219214
T2U1,San Isidro,September,2,2138.333,0.431409725,26.57581473,-2.865405967,4.127021217
T4U4,San Isidro,September,4,2333.846,0.430815308,37.42720115,-6.888391697,8.225945661
T3U5,San Isidro,September,3,1622.973,0.404593133,34.2205653,-1.202938811,24.72776797
T5U5,San Isidro,September,5,1025.45,0.389660368,65.62405419,-8.506602183,43.042578
T1U18,San Isidro,September,1,738.669,0.389397223,59.44757922,-26.07655641,-2.74783289
T5U9,San Isidro,September,5,1262.918,0.380824506,84.41013761,-9.353681573,17.49318797
T1U25,San Isidro,September,1,1537.705,0.378013952,43.89827081,-7.599830409,10.75244714
T5U6,San Isidro,September,5,766.043,0.369352883,64.64691232,-14.48342565,27.98829751
T4U5,San Isidro,September,4,1653.372,0.369063508,42.69817578,-11.14813455,27.80669479
T5U2,San Isidro,September,5,678.386,0.354168179,37.70804335,-18.69158898,26.27541091
T5U7,San Isidro,September,5,448.467,0.339677559,41.29922005,-14.81384216,6.862684997
T1U22,San Isidro,September,1,1745.11,0.315178802,38.82844061,-7.781503475,28.58739037
T1U20,San Isidro,September,1,1521.09,0.296468857,60.87290636,-7.066881855,34.49397548
T4U1,San Isidro,September,4,1362.753,0.279554884,37.0197615,-4.05710202,25.31474486
T5U1,San Isidro,September,5,652.128,0.276009577,38.06900844,-19.46223363,5.177720307
T1U9,San Isidro,September,1,591.196,0.2446159,40.68311753,-23.57643297,5.812192479
T1U17,San Isidro,September,1,1367.349,0.240922889,41.38786647,-13.22971243,19.109418
T5U3,San Isidro,September,5,1744.397,0.240151614,80.23229438,-16.34814364,18.30500175
T5U4,San Isidro,September,5,1066.216,0.232579957,79.04579654,-13.63078985,23.6403773
T1U32,San Isidro,September,1,1880.438,0.230350221,39.58323319,-5.638063502,22.79485041
T1U12,San Isidro,September,1,1286.842,0.203242184,40.97748436,-7.565266664,32.29478631
T4U2,San Isidro,September,4,1172.22,0.202653455,37.04157601,-14.67992883,19.15548253
T3U3,San Isidro,September,3,763.178,0.179438921,38.91057911,-10.03721466,8.433178991
T1U23,San Isidro,September,1,821.441,0.125579735,40.58608913,-5.541743825,35.46008023
