Sampling_Site,Sample_ID,MP identifier,Coordinates [pixels],,Coordinates [µm],,Polymer group,Number of pixels [-],Area on map [µm²],Major dimension [µm],Minor dimension [µm],Volume [µm³],Mass [ng]
N1,N1/1,MP_1,[1569,1197],[8630,6584],pet,219,6624.8,164.7,51.2,135700.25,187.26634
N1,N1/1,MP_2,[89,1466],[490,8063],pe,13,393.3,30.1,16.6,2616.905,2.48606
N1,N1/1,MP_3,[449,1707],[2470,9389],pe,26,786.5,41.6,24.1,7581.101,7.20205
N1,N1/1,MP_4,[549,1138],[3020,6259],pe,126,3811.5,113.8,42.7,65032.684,61.78105
N1,N1/1,MP_5,[695,534],[3823,2937],pe,11,332.8,25.3,16.7,2226.188,2.11488
N1,N1/1,MP_6,[542,1750],[2981,9625],pp,60,1815,80.6,28.7,20815.74,19.77495
N1,N1/1,MP_7,[580,1736],[3190,9548],pp,127,3841.8,112.9,43.3,66562.977,63.23483
N1,N1/2,MP_1,[662,1962],[3641,10791],pet,47,1421.8,56.9,31.8,18079.223,24.94933
N1,N1/2,MP_2,[668,1900],[3674,10450],pet,69,2087.3,123.7,21.5,17943.854,24.76252
N1,N1/2,MP_3,[1033,1043],[5682,5737],pet,1018,30794.5,648.5,60.5,744765.75,1027.77675
N1,N1/2,MP_4,[1253,1825],[6892,10038],pet,27,816.8,37.6,27.7,9042.832,12.47911
N1,N1/2,MP_5,[1420,563],[7810,3097],pet,49,1482.3,83.2,22.7,13452.697,18.56472
N1,N1/2,MP_6,[1434,558],[7887,3069],pet,44,1331,53.8,31.5,16785.039,23.16335
N1,N1/2,MP_7,[1995,1846],[10973,10153],pet,87,2631.8,84.2,39.8,41870.734,57.78161
N1,N1/2,MP_8,[834,2020],[4587,11110],pet,38,1149.5,50.3,29.1,13366.059,18.44516
N1,N1/2,MP_9,[193,1137],[1062,6254],pet,47,1421.8,100,18.1,10290.161,14.20042
N1,N1/2,MP_10,[2034,1704],[11187,9372],pet,28,847,44.2,24.4,8267.221,11.40876
N1,N1/2,MP_11,[924,1730],[5082,9515],pe,57,1724.3,85.5,25.7,17714.133,16.82843
N1,N1/2,MP_12,[955,1065],[5253,5858],pe,28,847,39.1,27.6,9334.154,8.86745
N1,N1/2,MP_13,[1010,1636],[5555,8998],pe,2028,61347,587.9,132.9,3260415.25,3097.3945
N1,N1/2,MP_14,[998,1749],[5489,9620],pe,15,453.8,28.8,20,3636.559,3.45473
N1,N1/2,MP_15,[1123,836],[6177,4598],pe,44,1331,56.5,30,15971.519,15.17294
N1,N1/2,MP_16,[1315,2034],[7233,11187],pe,55,1663.8,60.8,34.9,23196.699,22.03686
N1,N1/2,MP_17,[1373,1829],[7552,10060],pe,75,2268.8,93.2,31,28120.285,26.71427
N1,N1/2,MP_18,[1469,122],[8080,671],pe,187,5656.8,323.5,22.3,50382.527,47.8634
N1,N1/2,MP_19,[1516,117],[8338,644],pe,12,363,28.2,16.4,2381.702,2.26262
N1,N1/2,MP_20,[1680,2087],[9240,11479],pe,51,1542.8,91.7,21.4,13222.718,12.56158
N1,N1/2,MP_21,[1745,839],[9598,4615],pe,36,1089,51.7,26.8,11688.572,11.10414
N1,N1/2,MP_22,[1013,961],[5572,5286],pp,51,1542.8,61,32.2,19857.012,18.86416
N1,N1/2,MP_23,[1030,950],[5665,5225],pp,22,665.5,64,13.2,3526.293,3.34998
N2,N2/1,MP_1,[1013,1439],[5572,7915],pet,300,9075,238.1,48.5,176186.313,243.13711
N2,N2/1,MP_2,[1110,1467],[6105,8069],pet,69,2087.3,94.6,28.1,23452.318,32.3642
N2,N2/1,MP_3,[1241,1022],[6826,5621],pet,20,605,61.6,12.5,3026.748,4.17691
N2,N2/1,MP_4,[1299,1062],[7145,5841],pet,345,10436.3,198.7,66.9,279123.063,385.18981
N2,N2/1,MP_5,[1330,1109],[7315,6100],pet,328,9922,294.6,42.9,170168.656,234.83275
N2,N2/1,MP_6,[1540,1444],[8470,7942],pet,33,998.3,50.3,25.3,10087.211,13.92035
N2,N2/1,MP_7,[1670,1386],[9185,7623],pet,169,5112.3,225.7,28.8,58974.293,81.38452
N2,N2/1,MP_8,[2095,1330],[11523,7315],pet,19,574.8,48.5,15.1,3471.979,4.79133
N2,N2/1,MP_9,[1798,679],[9889,3735],pe,71,2147.8,91.9,29.7,25553.123,24.27547
N2,N2/1,MP_10,[2108,1515],[11594,8333],pe,30,907.5,54.5,21.2,7694.601,7.30987
N2,N2/1,MP_11,[1643,1812],[9037,9966],pp,24,726,56.2,16.4,4775.833,4.53704
N2,N2/1,MP_12,[1667,1835],[9169,10093],pp,37,1119.3,58.9,24.2,10824.026,10.28283
N2,N2/2,MP_1,[832,1500],[4576,8250],pet,153,4628.3,184.4,32,59163.332,81.6454
N2,N2/2,MP_2,[1426,637],[7843,3504],pe,26,786.5,39,25.7,8087.274,7.68291
N3,N3/1,MP_1,[725,1304],[3988,7172],pet,83,2510.8,116.5,27.4,27555.564,38.02668
N3,N3/1,MP_2,[1159,1138],[6375,6259],pet,77,2329.3,109.1,27.2,25337.83,34.96621
N3,N3/1,MP_3,[962,1339],[5291,7365],pet,99,2994.8,128.2,29.8,35640.359,49.1837
N3,N3/1,MP_4,[616,254],[3388,1397],pe,31,937.8,66.6,17.9,6722.568,6.38644
N3,N3/1,MP_5,[624,263],[3432,1447],pe,59,1784.8,73.5,30.9,22064.156,20.96095
N3,N3/1,MP_6,[1124,1871],[6182,10291],pe,2906,87906.5,723.6,154.7,5439086.5,5167.132
N3,N3/1,MP_7,[1196,1948],[6578,10714],pe,26,786.5,40.3,24.9,7820.304,7.42929
N3,N3/1,MP_8,[1336,1337],[7348,7354],pp,570,17242.5,246.4,89.1,614443.125,583.72094
N3,N3/1,MP_9,[1957,973],[10764,5352],pp,101,3055.3,173.4,22.4,27420.242,26.04923
N3,N3/1,MP_10,[112,823],[616,4527],pp,166,5021.5,236,27.1,54411.949,51.69135
N3,N3/2,MP_1,[982,916],[5401,5038],pet,53,1603.3,63.8,32,20509.395,28.30296
N3,N3/2,MP_2,[1608,2091],[8844,11501],pet,48,1452,109.1,17,9846.241,13.58781
N3,N3/2,MP_3,[144,1785],[792,9818],pe,52,1573,112.8,17.8,11174.354,10.61564
N3,N3/2,MP_4,[2123,566],[11677,3113],pe,10,302.5,30.1,12.8,1548.465,1.47104
N3,N3/2,MP_5,[216,1901],[1188,10456],pp,108,3267,149.5,27.8,36354.758,34.53702
N3,N3/2,MP_6,[839,2136],[4615,11748],pp,138,4174.5,209.9,25.3,42281.98,40.16788
N3,N3/2,MP_7,[1244,80],[6842,440],pp,115,3478.8,103,43,59833.973,56.84227
N5,N5/1,MP_1,[938,1862],[5159,10241],pet,164,4961,171.4,36.9,73137.563,100.92984
N5,N5/1,MP_2,[974,1860],[5357,10230],pet,231,6987.8,227.5,39.1,109329.258,150.87438
N5,N5/1,MP_3,[1055,1838],[5803,10109],pet,180,5445,145.5,47.6,103758.727,143.18705
N5,N5/1,MP_4,[1655,1629],[9103,8960],pet,217,6564.3,336.4,24.8,65227.082,90.01338
N5,N5/1,MP_5,[48,1499],[264,8245],pe,196,5929,139.7,54,128178.234,121.76932
N5,N5/1,MP_6,[531,2164],[2921,11902],pe,385,11646.3,177,83.8,390289.781,370.77528
N5,N5/1,MP_7,[810,2171],[4455,11941],pp,88,2662,123,27.6,29339.445,27.87247
N5,N5/2,MP_1,[412,746],[2266,4103],pet,9,272.3,25.3,13.7,1490.258,2.05656
N5,N5/2,MP_2,[841,689],[4626,3790],pet,12,363,30.1,15.4,2229.789,3.07711
N5,N5/2,MP_3,[2145,720],[11798,3960],pet,60,1815,76,30.4,22065.285,30.45009
N5,N5/2,MP_4,[960,307],[5280,1689],pet,31,937.8,46.8,25.5,9567.92,13.20373
N5,N5/2,MP_5,[513,530],[2822,2915],pe,9,272.3,25.3,13.7,1490.258,1.41575
N5,N5/2,MP_6,[1404,232],[7722,1276],pe,28,847,46.5,23.2,7863.635,7.47045
N5,N5/2,MP_7,[1646,912],[9053,5016],pe,65,1966.3,74.3,33.7,26500.545,25.17552
N5,N5/2,MP_8,[682,494],[3751,2717],pp,118,3569.5,100,45.4,64882.969,61.63882
N6,N6/1,MP_1,[1204,127],[6622,699],pa,9,272.3,33.5,10.3,1125.339,1.28289
N6,N6/1,MP_2,[666,1685],[3663,9268],pe,44,1331,61.3,27.6,14715.456,13.97968
N6,N6/2,MP_1,[1157,1743],[6364,9587],pet,61,1845.3,72.3,32.5,23986.336,33.10114
N6,N6/2,MP_2,[1155,1300],[6353,7150],pe,29,877.3,67.6,16.5,5797.828,5.50794
N6,N6/2,MP_3,[2220,867],[12210,4769],pe,21,635.3,42.4,19.1,4847.788,4.6054
N6,N6/2,MP_4,[1245,1865],[6848,10258],pp,192,5808,130,56.9,132123.203,125.51704
N6,N6/2,MP_5,[1362,844],[7491,4642],pp,148,4477,165.2,34.5,61808.039,58.71764
N6,N6/2,MP_6,[1976,1588],[10868,8734],pp,33,998.3,63.5,20,7990.863,7.59132
N7,N7/1,MP_1,[142,691],[781,3801],pet,52,1573,74.3,27,16963.883,23.41016
N7,N7/1,MP_2,[323,696],[1777,3828],pet,317,9589.3,362,33.7,129380.914,178.54566
N7,N7/1,MP_3,[345,618],[1898,3399],pet,74,2238.5,118.5,24,21531.629,29.71365
N7,N7/1,MP_4,[386,512],[2123,2816],pet,114,3448.5,198.7,22.1,30481.686,42.06473
N7,N7/1,MP_5,[424,490],[2332,2695],pet,89,2692.3,76.6,44.8,48208.809,66.52816
N7,N7/1,MP_6,[696,2212],[3828,12166],pet,292,8833,176.1,63.9,225603.578,311.33294
N7,N7/1,MP_7,[1274,1627],[7007,8949],pet,84,2541,186.5,17.4,17636.311,24.33811
N7,N7/1,MP_8,[1302,1651],[7161,9081],pet,62,1875.5,143.6,16.6,12476.102,17.21702
N7,N7/1,MP_9,[1330,1678],[7315,9229],pet,106,3206.5,95.3,42.8,54940.707,75.81817
N7,N7/1,MP_10,[1692,753],[9306,4142],pet,23,695.8,48.5,18.3,5087.749,7.02109
N7,N7/1,MP_11,[1712,109],[9416,600],pet,45,1361.3,64,27.1,14753.602,20.35997
N7,N7/1,MP_12,[1731,913],[9521,5022],pet,98,2964.5,163.5,23.1,27379.418,37.7836
N7,N7/1,MP_13,[1758,895],[9669,4923],pet,36,1089,94.6,14.7,6383.997,8.80992
N7,N7/1,MP_14,[2286,1285],[12573,7068],pet,196,5929,149.6,50.5,119713.609,165.20478
N7,N7/1,MP_15,[2284,1172],[12562,6446],pet,506,15306.5,352.6,55.3,338403.938,466.99744
N7,N7/1,MP_16,[1251,1622],[6881,8921],pet,11,332.8,25.3,16.7,2226.188,3.07214
N7,N7/1,MP_17,[1317,1673],[7244,9202],pet,27,816.8,40.5,25.7,8388.444,11.57605
N7,N7/1,MP_18,[233,655],[1282,3603],pe,24,726,40.3,22.9,6663.454,6.33028
N7,N7/1,MP_19,[437,1038],[2404,5709],pe,10,302.5,25.3,15.2,1839.825,1.74783
N7,N7/1,MP_20,[655,729],[3603,4010],pe,68,2057,67.6,38.7,31877.711,30.28382
N7,N7/1,MP_21,[1532,1989],[8426,10940],pe,35,1058.8,46.5,29,12286.931,11.67258
N7,N7/1,MP_22,[1561,159],[8586,875],pe,20,605,35.1,21.9,5308.186,5.04278
N7,N7/1,MP_23,[1890,309],[10395,1700],pe,189,5717.3,160.6,45.3,103651.406,98.46884
N7,N7/1,MP_24,[2057,1640],[11314,9020],pe,171,5172.8,122.7,53.7,111075.008,105.52126
N7,N7/1,MP_25,[2146,621],[11803,3416],pe,43,1300.8,55.8,29.7,15454.884,14.68214
N7,N7/1,MP_26,[732,2240],[4026,12320],pe,46,1391.5,75.8,23.4,13007.469,12.35709
N7,N7/1,MP_27,[738,2232],[4059,12276],pe,28,847,39,27.7,9379.324,8.91036
N7,N7/1,MP_28,[1950,753],[10725,4142],abs,348,10527,166.6,80.5,338858.688,362.57881
N7,N7/1,MP_29,[214,1071],[1177,5891],pp,22,665.5,37.6,22.6,6003.746,5.70356
N7,N7/1,MP_30,[1121,783],[6166,4307],pp,15,453.8,35.1,16.5,2985.854,2.83656
N7,N7/1,MP_31,[1222,1232],[6721,6776],pp,48,1452,61.3,30.2,17512.609,16.63698
N7,N7/1,MP_32,[1453,1070],[7992,5885],pp,62,1875.5,65.9,36.3,27199.061,25.83911
N7,N7/1,MP_33,[2099,456],[11545,2508],pp,10,302.5,25.3,15.2,1839.825,1.74783
N7,N7/1,MP_34,[370,932],[2035,5126],pp,6,181.5,17.8,13,942.634,0.8955
N7,N7/1,MP_35,[891,1665],[4901,9158],pp,22,665.5,57.4,14.8,3930.552,3.73402
N7,N7/1,MP_36,[2010,428],[11055,2354],pp,9,272.3,25.3,13.7,1490.258,1.41575
N7,N7/1,MP_37,[2161,1072],[11886,5896],pp,53,1603.3,56.8,35.9,23048.664,21.89623
N7,N7/1,MP_38,[1249,1809],[6870,9950],pp,285,8621.3,196.9,55.8,192294.906,182.68016
N7,N7/1,MP_39,[2183,582],[12007,3201],pp,27,816.8,38.3,27.2,8879.175,8.43522
N7,N7/2,MP_1,[273,1651],[1502,9081],pet,63,1905.8,122.6,19.8,15084.275,20.8163
N7,N7/2,MP_2,[1887,270],[10379,1485],pet,30,907.5,45,25.7,9327.854,12.87244
N7,N7/2,MP_3,[1918,440],[10549,2420],pet,438,13249.5,376.7,44.8,237312.188,327.49081
N7,N7/2,MP_4,[2209,1462],[12150,8041],pet,143,4325.8,155,35.5,61491.613,84.85843
N7,N7/2,MP_5,[2215,1715],[12183,9433],pet,56,1694,68.9,31.3,21204.098,29.26165
N7,N7/2,MP_6,[2149,1482],[11820,8151],pet,21,635.3,42.4,19.1,4847.788,6.68995
N7,N7/2,MP_7,[142,1987],[781,10929],pe,25,756.3,40.7,23.6,7153.576,6.7959
N7,N7/2,MP_8,[321,1156],[1766,6358],pe,94,2843.5,81.1,44.6,50770.5,48.23197
N7,N7/2,MP_9,[720,1281],[3960,7046],pe,158,4779.5,107.8,56.4,107874.781,102.48104
N7,N7/2,MP_10,[1660,1730],[9130,9515],pe,13,393.3,33.5,14.9,2347.928,2.23053
N7,N7/2,MP_11,[1768,1420],[9724,7810],pe,118,3569.5,111.1,40.9,58413.379,55.49271
N7,N7/2,MP_12,[2205,1255],[12128,6903],pe,226,6836.5,121.2,71.8,196368.25,186.54983
N7,N7/2,MP_13,[2206,767],[12133,4219],pe,135,4083.8,117,44.4,72565.422,68.93715
N7,N7/2,MP_14,[1960,1244],[10780,6842],pp,8,242,22.9,13.5,1302.888,1.23774
N7,N7/2,MP_15,[2218,2129],[12199,11710],pp,78,2359.5,115.4,26,24565.32,23.33705
N7,N7/2,MP_16,[1561,2260],[8586,12430],pp,9,272.3,25.3,13.7,1490.258,1.41575
N8,N8/1,MP_1,[1392,388],[7656,2134],pa,30,907.5,58,19.9,7226.7,8.23844
N8,N8/1,MP_2,[1500,971],[8250,5341],pet,38,1149.5,53.8,27.2,12519.422,17.2768
N8,N8/1,MP_3,[888,1029],[4884,5660],pe,45,1361.3,52.8,32.8,17869.27,16.97581
N8,N8/1,MP_4,[1058,1266],[5819,6963],pe,54,1633.5,72.3,28.8,18797.137,17.85728
N8,N8/1,MP_5,[1577,1884],[8674,10362],pe,135,4083.8,108.2,48,78469.484,74.54601
N8,N8/1,MP_6,[1577,211],[8674,1161],pe,9,272.3,22.9,15.1,1648.968,1.56652
N8,N8/1,MP_7,[1048,1273],[5764,7002],pe,22,665.5,40.7,20.8,5539.729,5.26274
N8,N8/2,MP_1,[1019,2166],[5605,11913],pe,167,5051.8,178.6,36,72773.906,69.13521
N9,N9/1,MP_1,[962,2010],[5291,11055],pet,31,937.8,43.4,27.5,10321.067,14.24307
N9,N9/1,MP_2,[413,60],[2272,330],pe,83,2510.8,83.8,38.2,38327.906,36.41151
N9,N9/1,MP_3,[429,61],[2360,336],pe,27,816.8,37.1,28,9159.555,8.70158
N9,N9/1,MP_4,[433,533],[2382,2932],pe,45,1361.3,60.6,28.6,15565.597,14.78732
N9,N9/1,MP_5,[471,708],[2591,3894],pe,80,2420,137,22.5,21774.08,20.68538
N9,N9/1,MP_6,[575,851],[3163,4681],pe,23,695.8,35.1,25.2,7020.075,6.66907
N9,N9/1,MP_7,[697,637],[3834,3504],pe,6,181.5,21.1,11,796.783,0.75694
N9,N9/1,MP_8,[755,1751],[4153,9631],pe,22,665.5,37.6,22.6,6003.746,5.70356
N9,N9/1,MP_9,[833,949],[4582,5220],pe,26,786.5,45,22.3,7006.253,6.65594
N9,N9/1,MP_10,[857,1608],[4714,8844],pe,10,302.5,22.9,16.8,2035.763,1.93397
N9,N9/1,MP_11,[1095,924],[6023,5082],pe,47,1421.8,55.5,32.6,18565.693,17.63741
N9,N9/1,MP_12,[1350,24],[7425,132],pe,150,4537.5,114.7,50.4,91452.508,86.87988
N9,N9/1,MP_13,[1370,166],[7535,913],pe,14,423.5,40.7,13.2,2243.361,2.13119
N9,N9/1,MP_14,[1829,2043],[10060,11237],pe,17,514.3,35.1,18.6,3835.164,3.64341
N9,N9/1,MP_15,[1836,2066],[10098,11363],pe,71,2147.8,67.6,40.5,34752.496,33.01487
N9,N9/1,MP_16,[1949,329],[10720,1810],pe,28,847,39.6,27.2,9221.916,8.76082
N9,N9/1,MP_17,[1973,1236],[10852,6798],pe,15,453.8,30.1,19.2,3484.046,3.30984
N9,N9/1,MP_18,[2161,601],[11886,3306],pe,12,363,25.3,18.2,2649.349,2.51688
N9,N9/1,MP_19,[1122,702],[6171,3861],pp,204,6171,243.4,32.3,79697.625,75.71274
N9,N9/2,MP_1,[142,941],[781,5176],pet,98,2964.5,164.5,22.9,27213.354,37.55443
N9,N9/2,MP_2,[188,988],[1034,5434],pet,256,7744,187.2,52.7,163184.234,225.19425
N9,N9/2,MP_3,[2133,1125],[11732,6188],pet,21,635.3,40.3,20.1,5101.707,7.04035
N9,N9/2,MP_4,[75,1491],[413,8201],pe,54,1633.5,58.4,35.6,23288.4,22.12398
N9,N9/2,MP_5,[82,1498],[451,8239],pe,21,635.3,55.3,14.6,3716.191,3.53038
N9,N9/2,MP_6,[442,1824],[2431,10032],pe,37,1119.3,55.8,25.6,11442.8,10.87066
N9,N9/2,MP_7,[490,226],[2695,1243],pe,9,272.3,22.9,15.1,1648.968,1.56652
N9,N9/2,MP_8,[599,1332],[3295,7326],pe,24,726,42.4,21.8,6331.805,6.01521
N9,N9/2,MP_9,[782,2120],[4301,11660],pe,156,4719,145.1,41.4,78177.484,74.26861
N9,N9/2,MP_10,[2031,1461],[11171,8036],pe,18,544.5,33.5,20.7,4501.354,4.27629
N10,N10/1,MP_1,[2106,491],[11583,2701],pp,181,5475.3,152.7,45.7,99984.07,94.98487
N10,N10/2,MP_1,[1405,1161],[7728,6386],pet,92,2783,119.6,29.6,32977.152,45.50847
N10,N10/2,MP_2,[842,1434],[4631,7887],pe,20,605,37.6,20.5,4961.774,4.71369
N11,N11,MP_1,[751,2151],[4131,11831],pet,51,1542.8,61.3,32,19770.096,27.28273
N11,N11,MP_2,[1081,266],[5946,1463],pe,43,1300.8,56.2,29.5,15330.756,14.56422
N11,N11,MP_3,[1545,1979],[8498,10885],pe,69,2087.3,64.9,41,34206.922,32.49658
N11,N11,MP_4,[859,1702],[4725,9361],ps,94,2843.5,131.7,27.5,31267.73,32.51844
N11,N11,MP_5,[1404,821],[7722,4516],pp,233,7048.3,166.4,53.9,152036.531,144.4347
N11,N11,MP_6,[1055,2033],[5803,11182],pp,262,7925.5,204,49.5,156852.797,149.01016
N11,N11,MP_7,[1270,1103],[6985,6067],pp,98,2964.5,102.3,36.9,43770.43,41.58191
N12,N12/1,MP_1,[1755,516],[9653,2838],pe,26,786.5,41.6,24.1,7581.101,7.20205
N12,N12/1,MP_2,[1154,1128],[6347,6204],pp,26,786.5,50.3,19.9,6257.241,5.94438
N12,N12/1,MP_3,[1186,653],[6523,3592],pp,10,302.5,22.9,16.8,2035.763,1.93397
N12,N12/2,MP_1,[886,1647],[4873,9059],pet,15,453.8,28.2,20.5,3721.409,5.13554
N12,N12/2,MP_2,[101,2130],[556,11715],pp,125,3781.3,143.2,33.6,50856.813,48.31397
N13,N13,MP_1,[1403,719],[7717,3955],pet,90,2722.5,131.7,26.3,28663.266,39.5553
N13,N13,MP_2,[380,412],[2090,2266],pe,862,26075.5,288.3,115.2,1201206.375,1141.146
N13,N13,MP_3,[394,341],[2167,1876],pe,1302,39385.5,359.7,139.4,2196452.25,2086.62963
N13,N13,MP_4,[408,375],[2244,2063],pe,118,3569.5,107,42.5,60617.602,57.58672
N13,N13,MP_5,[932,1070],[5126,5885],pe,14,423.5,36.6,14.7,2494.854,2.37011
N13,N13,MP_6,[956,1079],[5258,5935],pe,22,665.5,38.5,22,5858.757,5.56582
N13,N13,MP_7,[1138,1373],[6259,7552],pe,41,1240.3,55.8,28.3,14050.653,13.34812
N13,N13,MP_8,[973,1985],[5352,10918],pe,109,3297.3,147.4,28.5,37573.109,35.69445
N14,N14,MP_1,[46,1219],[253,6705],pe,18,544.5,37.6,18.5,4019.037,3.81808
N14,N14,MP_2,[59,1279],[325,7035],pe,63,1905.8,71.6,33.9,25828.65,24.53722
N14,N14,MP_3,[72,836],[396,4598],pe,36,1089,101.4,13.7,5953.902,5.65621
N14,N14,MP_4,[288,1155],[1584,6353],pe,81,2450.3,95.4,32.7,32034.879,30.43313
N14,N14,MP_5,[313,1506],[1722,8283],pe,85,2571.3,72.7,45,46287.27,43.97291
N14,N14,MP_6,[538,2088],[2959,11484],pe,50,1512.5,69.2,27.8,16825.447,15.98417
N14,N14,MP_7,[624,1891],[3432,10401],pe,174,5263.5,114.2,58.7,123595.578,117.4158
N14,N14,MP_8,[643,556],[3537,3058],pe,14,423.5,25.3,21.3,3606.058,3.42575
N14,N14,MP_9,[795,587],[4373,3229],pe,370,11192.5,149,95.6,428189.781,406.78028
N14,N14,MP_10,[875,595],[4813,3273],pe,53,1603.3,53.8,38,24353.914,23.13622
N14,N14,MP_11,[880,1126],[4840,6193],pe,37,1119.3,52.8,27,12080.508,11.47648
N14,N14,MP_12,[962,691],[5291,3801],pe,25,756.3,61.6,15.6,4729.293,4.49283
N14,N14,MP_13,[985,1812],[5418,9966],pe,114,3448.5,100.1,43.9,60493.68,57.469
N14,N14,MP_14,[1134,454],[6237,2497],pe,39,1179.8,50.3,29.8,14078.793,13.37485
N14,N14,MP_15,[1151,303],[6331,1667],pe,110,3327.5,127.9,33.1,44086.867,41.88252
N14,N14,MP_16,[1398,539],[7689,2965],pe,20,605,42.4,18.2,4397.086,4.17723
N14,N14,MP_17,[1407,412],[7739,2266],pe,15,453.8,42.4,13.6,2473.361,2.34969
N14,N14,MP_18,[1436,979],[7898,5385],pe,39,1179.8,58.9,25.5,12025.816,11.42453
N14,N14,MP_19,[1490,1980],[8195,10890],pe,25,756.3,40.3,23.9,7230.311,6.8688
N14,N14,MP_20,[1665,202],[9158,1111],pe,9,272.3,25.3,13.7,1490.258,1.41575
N14,N14,MP_21,[1790,393],[9845,2162],pe,7,211.8,22.9,11.8,997.524,0.94765
N14,N14,MP_22,[1821,452],[10016,2486],pe,27,816.8,39.6,26.2,8574.969,8.14622
N14,N14,MP_23,[1836,599],[10098,3295],pe,18,544.5,35.1,19.7,4299.63,4.08465
N14,N14,MP_24,[1968,760],[10824,4180],pe,26,786.5,46.5,21.6,6780.379,6.44136
N14,N14,MP_25,[2004,1068],[11022,5874],pe,23,695.8,36.6,24.2,6733.561,6.39688
N14,N14,MP_26,[2123,1311],[11677,7211],pe,65,1966.3,60.2,41.6,32694.961,31.06021
N14,N14,MP_27,[969,1743],[5330,9587],pp,182,5505.5,176.8,39.7,87330.469,82.96395
N14,N14,MP_28,[1007,1788],[5539,9834],pp,7,211.8,22.9,11.8,997.524,0.94765
N14,N14,MP_29,[363,474],[1997,2607],pp,65,1966.3,83.8,29.9,23506.371,22.33105
N14,N14,MP_30,[396,831],[2178,4571],pp,13,393.3,33.5,14.9,2347.928,2.23053
N14,N14,MP_31,[438,1430],[2409,7865],pp,58,1754.5,88.3,25.3,17761.162,16.8731
N14,N14,MP_32,[712,688],[3916,3784],pp,67,2026.8,60.6,42.6,34501,32.77595
N14,N14,MP_33,[1146,639],[6303,3515],pp,21,635.3,56.2,14.4,3656.497,3.47367
N14,N14,MP_34,[1180,972],[6490,5346],pp,23,695.8,40.7,21.8,6054.787,5.75205
N14,N14,MP_35,[1280,2114],[7040,11627],pp,15,453.8,36.6,15.8,2863.991,2.72079
N14,N14,MP_36,[1408,957],[7744,5264],pp,29,877.3,63.8,17.5,6140.407,5.83339
N14,N14,MP_37,[1445,1798],[7948,9889],pp,8,242,22.9,13.5,1302.888,1.23774
N14,N14,MP_38,[1602,1650],[8811,9075],pp,209,6322.3,260.2,30.9,78233.563,74.32188
N14,N14,MP_39,[1780,1196],[9790,6578],pp,309,9347.3,216.1,55.1,205869.203,195.57573
N14,N14,MP_40,[1026,1779],[5643,9785],pp,28,847,69.7,15.5,5242.002,4.9799
N14,N14,MP_41,[1606,1731],[8833,9521],pp,6,181.5,21.1,11,796.783,0.75694
N14,N14,MP_42,[2155,828],[11853,4554],pp,22,665.5,39,21.8,5790.297,5.50078
N14,N14,MP_43,[1234,890],[6787,4895],pp,8,242,25.3,12.2,1177.488,1.11861
N15,N15/1,MP_1,[256,1915],[1408,10533],pe,27,816.8,48.5,21.5,7011.284,6.66072
N15,N15/1,MP_2,[869,2153],[4780,11842],pe,21,635.3,39,20.8,5275.87,5.01208
N15,N15/1,MP_3,[2142,1118],[11781,6149],pe,43,1300.8,56,29.6,15376.522,14.6077
N15,N15/1,MP_4,[59,1241],[325,6826],pp,379,11464.8,274.7,53.1,243730.047,231.54355
N15,N15/1,MP_5,[181,1615],[996,8883],pp,148,4477,155.1,36.7,65795.156,62.5054
N15,N15/1,MP_6,[681,320],[3746,1760],pp,622,18815.5,204.3,117.3,882701.313,838.56625
N15,N15/1,MP_7,[494,2084],[2717,11462],pp,9,272.3,30.1,11.5,1254.256,1.19154
N15,N15/1,MP_8,[688,489],[3784,2690],pp,2393,72388.3,422.6,218.1,6315678,5999.894
N15,N15/1,MP_9,[1156,733],[6358,4032],pp,60,1815,74.3,31.1,22585.051,21.4558
N15,N15/1,MP_10,[1122,2020],[6171,11110],pp,30,907.5,65,17.8,6457.121,6.13426
N15,N15/1,MP_11,[779,1667],[4285,9169],pp,16397,496009.3,8385.9,75.3,14941759,14194.671
N15,N15/2,MP_1,[443,1762],[2437,9691],pa,135,4083.8,114.1,45.6,74460.602,84.88509
N15,N15/2,MP_2,[1495,121],[8223,666],pe,680,20570,332.6,78.8,648007.875,615.6075
N15,N15/2,MP_3,[1034,422],[5687,2321],pp,988,29887,379,100.4,1200435.25,1140.4135
N15,N15/2,MP_4,[1852,1448],[10186,7964],pp,322,9740.5,176.9,70.1,273110.188,259.45467
N16,N16,MP_1,[1771,937],[9741,5154],pet,177,5354.3,157.5,43.3,92707.969,127.937
N16,N16,MP_2,[144,1439],[792,7915],pe,28,847,45,24,8125.595,7.71932
N16,N16,MP_3,[330,1374],[1815,7557],pe,72,2178,85.7,32.3,28179.98,26.77098
N16,N16,MP_4,[855,1840],[4703,10120],pe,426,12886.5,186.4,88,453701.813,431.01672
N16,N16,MP_5,[890,1350],[4895,7425],pe,386,11676.5,173.3,85.8,400598.438,380.5685
N16,N16,MP_6,[1155,2138],[6353,11759],pe,77,2329.3,89.2,33.3,30983.133,29.43398
N16,N16,MP_7,[1196,234],[6578,1287],pe,202,6110.5,115.7,67.2,164317.047,156.10119
N16,N16,MP_8,[1602,1706],[8811,9383],pe,956,28919,261.3,140.9,1630313.25,1548.79763
N16,N16,MP_9,[1636,221],[8998,1216],pe,12,363,27.5,16.8,2440.342,2.31832
N16,N16,MP_10,[1820,1209],[10010,6650],pe,64,1936,88.5,27.9,21579.953,20.50096
N16,N16,MP_11,[730,1598],[4015,8789],ps,1470,44467.5,353.6,160.1,2848034.25,2961.9555
N16,N16,MP_12,[1469,290],[8080,1595],pp,54,1633.5,72.2,28.8,18826.822,17.88548
N16,N16,MP_13,[703,1992],[3867,10956],pp,176,5324,113.5,59.7,127238.859,120.87691
N17,N17/1,MP_1,[728,1201],[4004,6606],pe,69,2087.3,67.6,39.3,32822.188,31.18108
N17,N17/1,MP_2,[1892,737],[10406,4054],pe,15,453.8,28.8,20,3636.559,3.45473
N17,N17/2,MP_1,[401,509],[2206,2800],pet,245,7411.3,187.2,50.4,149417.063,206.19555
N17,N17/2,MP_2,[1349,567],[7420,3119],pp,36,1089,75.7,18.3,7976.662,7.57783
N17,N17/2,MP_3,[1969,1896],[10830,10428],pp,94,2843.5,89.2,40.6,46174.227,43.86552
N17,N17/2,MP_4,[1722,1873],[9471,10302],pp,84,2541,77.5,41.7,42416.113,40.29531
N18,N18/1,MP_1,[1647,718],[9059,3949],pa,48,1452,67.1,27.6,16001.093,18.24125
N18,N18/1,MP_2,[298,614],[1639,3377],pe,22,665.5,33.5,25.3,6724.245,6.38803
N18,N18/1,MP_3,[562,362],[3091,1991],pe,12,363,30.1,15.4,2229.789,2.1183
N18,N18/1,MP_4,[701,601],[3856,3306],pe,44,1331,64.5,26.3,13992.971,13.29332
N18,N18/1,MP_5,[1470,1391],[8085,7651],pe,39,1179.8,54.5,27.6,13003.875,12.35368
N18,N18/1,MP_6,[2238,963],[12309,5297],ps,756,22869,257.6,113.1,1034149.563,1075.5155
N18,N18/2,MP_1,[307,1996],[1689,10978],pet,544,16456,640.2,32.7,215433.797,297.29863
N18,N18/2,MP_2,[538,2121],[2959,11666],pet,47,1421.8,87.6,20.7,11747.769,16.21192
N18,N18/2,MP_3,[1599,1988],[8795,10934],pet,123,3720.8,163.4,29,43158.285,59.55843
N18,N18/2,MP_4,[461,2020],[2536,11110],pet,17,514.3,45.2,14.5,2982.322,4.1156
N18,N18/2,MP_5,[959,1633],[5275,8982],pe,122,3690.5,100,47,69356.375,65.88855
N18,N18/2,MP_6,[1605,1862],[8828,10241],pe,48,1452,63.6,29.1,16893.816,16.04913
N18,N18/2,MP_7,[386,1842],[2123,10131],pp,70,2117.5,124.9,21.6,18281.096,17.36704
N18,N18/2,MP_8,[711,1569],[3911,8630],pp,218,6594.5,172.4,48.7,128484.563,122.06034
N18,N18/2,MP_9,[2033,1775],[11182,9763],pp,44,1331,66.1,25.6,13644.646,12.96241
N18,N18/2,MP_10,[206,1853],[1133,10192],pp,39,1179.8,70,21.5,10130.785,9.62425
N18,N18/2,MP_11,[410,687],[2255,3779],pp,24,726,56.2,16.4,4775.833,4.53704